의안명,소관위원회,의결결과,총투표수,찬성,반대,기권,제안일,위원회심사_의결일,본회의심의_의결일,정부이송일,공포일,링크URL,카테고리
군인사법 일부개정법률안(대안)(국방위원장),국방위원회,원안가결,235.0,234.0,,1.0,2023-09-21,2020-11-20,2023-10-06,2023-10-20,2023-10-31,https://likms.assembly.go.kr/bill/billDetail.do?billId=PRC_A2H0O1Q1P2I0D1R1E2C2X2X9K2C6B6,인권
산업전환에 따른 고용안정 지원 등에 관한 법률안(대안)(환경노동위원장),환경노동위원회,원안가결,236.0,197.0,8.0,31.0,2023-09-21,2023-08-25,2023-10-06,2023-10-13,2023-10-24,https://likms.assembly.go.kr/bill/billDetail.do?billId=PRC_A2O3R0O8X2U3E1T8K3K9A4U2E4C8H6,노동
도심항공교통 활용 촉진 및 지원에 관한 법률안(대안)(국토교통위원장),국토교통위원회,원안가결,250.0,250.0,,,2023-09-21,2023-06-29,2023-10-06,2023-10-13,2023-10-24,https://likms.assembly.go.kr/bill/billDetail.do?billId=PRC_D2O3A0F6W2M7V1O4N4A5A2Y2S0K5X1,교통
도심융합특구 조성 및 육성에 관한 특별법안(대안)(국토교통위원장),국토교통위원회,원안가결,250.0,245.0,1.0,4.0,2023-09-21,2023-06-29,2023-10-06,2023-10-13,2023-10-24,https://likms.assembly.go.kr/bill/billDetail.do?billId=PRC_E2M3S0Z6K2N7R1R4V3L9R0V9V7U7R0,교통
공동주택관리법 일부개정법률안(대안)(국토교통위원장),국토교통위원회,원안가결,247.0,246.0,,1.0,2023-09-21,2023-03-23,2023-10-06,2023-10-13,2023-10-24,https://likms.assembly.go.kr/bill/billDetail.do?billId=PRC_J2M3I0B3D2G2K1R7L5L8M1J4K0K0Z8,경제
방위사업법 일부개정법률안(대안)(국방위원장),국방위원회,원안가결,230.0,226.0,,4.0,2023-09-21,2023-08-25,2023-10-06,2023-10-20,2023-10-31,https://likms.assembly.go.kr/bill/billDetail.do?billId=PRC_L2J3X0K8W2D4X1K6K4G3S3I3I6T3Q5,경제
군인 재해보상법 일부개정법률안(대안)(국방위원장),국방위원회,원안가결,233.0,232.0,,1.0,2023-09-21,2021-02-23,2023-10-06,2023-10-20,2023-10-31,https://likms.assembly.go.kr/bill/billDetail.do?billId=PRC_L2N1H0R2M2V3Z1X4R2F1J5X4F7F5Q3,인권
신행정수도 후속대책을 위한 연기·공주지역 행정중심복합도시 건설을 위한 특별법 일부개정법률안(대안)(국토교통위원장),국토교통위원회,원안가결,251.0,248.0,,3.0,2023-09-21,2023-06-29,2023-10-06,2023-10-13,2023-10-24,https://likms.assembly.go.kr/bill/billDetail.do?billId=PRC_L2V3P0V6G2C7P1T4R4A1B3T0U1N5O1,경제
위기 임신 및 보호출산 지원과 아동 보호에 관한 특별법안(대안)(보건복지위원장),보건복지위원회,원안가결,230.0,133.0,33.0,64.0,2023-09-21,2023-08-25,2023-10-06,2023-10-20,2023-10-31,https://likms.assembly.go.kr/bill/billDetail.do?billId=PRC_L2W3T0Y8Q2M4J1F4N3G0W5R6M8R0C1,사회
병역법 일부개정법률안(대안)(국방위원장),국방위원회,원안가결,234.0,226.0,,8.0,2023-09-21,2023-08-25,2023-10-06,2023-10-20,2023-10-31,https://likms.assembly.go.kr/bill/billDetail.do?billId=PRC_M2B3I0V8F2E4O1I6X4K1M3G8X0Y4H4,인권
담배의 유해성 관리에 관한 법률안(대안)(보건복지위원장),보건복지위원회,원안가결,248.0,243.0,,5.0,2023-09-21,2023-03-23,2023-10-06,2023-10-20,2023-10-31,https://likms.assembly.go.kr/bill/billDetail.do?billId=PRC_M2M3Y0Y3I2X2N1G5R5N2L0X4Q9R2E7,환경
군인연금법 일부개정법률안(대안)(국방위원장),국방위원회,원안가결,228.0,226.0,,2.0,2023-09-21,2021-02-23,2023-10-06,2023-10-20,2023-10-31,https://likms.assembly.go.kr/bill/billDetail.do?billId=PRC_N2R1J0W2T2E3N1N4O2T3M0X7W5Q7J6,노동
보험업법 일부개정법률안(대안)(정무위원장),정무위원회,원안가결,225.0,205.0,6.0,14.0,2023-09-21,2023-06-15,2023-10-06,2023-10-13,2023-10-24,https://likms.assembly.go.kr/bill/billDetail.do?billId=PRC_O2C3J0M6E1B2P1X0L5B7O2U8T6V0S2,경제
노인 일자리 및 사회활동 지원에 관한 법률안(대안)(보건복지위원장),보건복지위원회,원안가결,248.0,246.0,,2.0,2023-09-21,2023-02-24,2023-10-06,2023-10-20,2023-10-31,https://likms.assembly.go.kr/bill/billDetail.do?billId=PRC_Q2V3K0A2A1C6I1P1S0O4A5B6U3E7X2,사회
의료법 일부개정법률안(대안)(보건복지위원장),보건복지위원회,원안가결,253.0,252.0,,1.0,2023-09-21,2023-04-27,2023-10-06,2023-10-20,2023-10-31,https://likms.assembly.go.kr/bill/billDetail.do?billId=PRC_T2O3U0G4M2W6V1P8K5U6N1T9Q5R8O0,사회
특정중대범죄 피의자 등 신상정보 공개에 관한 법률안(대안)(법제사법위원장),법제사법위원회,원안가결,223.0,215.0,,8.0,2023-09-21,2023-09-21,2023-10-06,2023-10-13,2023-10-24,https://likms.assembly.go.kr/bill/billDetail.do?billId=PRC_V2G3R0L9L1R5C1G3Z5H4Y4N7R1A4R5,인권
생활물류서비스산업발전법 일부개정법률안(대안)(국토교통위원장),국토교통위원회,원안가결,249.0,248.0,,1.0,2023-09-21,2023-05-24,2023-10-06,2023-10-13,2023-10-24,https://likms.assembly.go.kr/bill/billDetail.do?billId=PRC_W2F3J0R5Y2L2S1I6T1A2P1Z1E3D9P1,교통
도로교통법 일부개정법률안(대안)(행정안전위원장),행정안전위원회,원안가결,234.0,234.0,,,2023-09-21,2023-09-20,2023-10-06,2023-10-13,2023-10-24,https://likms.assembly.go.kr/bill/billDetail.do?billId=PRC_W2W3K0U9W1B9S2Y2U2E0Q1A1M3F9J7,교통
학교폭력예방 및 대책에 관한 법률 일부개정법률안(대안)(교육위원장),교육위원회,원안가결,228.0,228.0,,,2023-09-21,2023-06-12,2023-10-06,2023-10-13,2023-10-24,https://likms.assembly.go.kr/bill/billDetail.do?billId=PRC_X2J3W0E6Y1V2U1O0W3T1B0Y4K0H2M5,인권
초·중등교육법 일부개정법률안(대안)(교육위원장),교육위원회,원안가결,288.0,287.0,,1.0,2023-09-21,2023-09-15,2023-09-21,2023-09-22,2023-09-27,https://likms.assembly.go.kr/bill/billDetail.do?billId=PRC_C2J3B0S9G1N5V1Q0D3C1Y0G5D7B8D6,교육
교원의 지위 향상 및 교육활동 보호를 위한 특별법 일부개정법률안(대안)(교육위원장),교육위원회,원안가결,286.0,286.0,,,2023-09-21,2023-09-15,2023-09-21,2023-09-22,2023-09-27,https://likms.assembly.go.kr/bill/billDetail.do?billId=PRC_I2U3M0V9I1X5B1W0L4L0Z2C0O2C7Y1,인권
유아교육법 일부개정법률안(대안)(교육위원장),교육위원회,원안가결,288.0,286.0,,2.0,2023-09-21,2023-09-16,2023-09-21,2023-09-22,2023-09-27,https://likms.assembly.go.kr/bill/billDetail.do?billId=PRC_X2A3J0J9L1G5M1G0T2N5M3Y6G0E0I8,사회
교육기본법 일부개정법률안(대안)(교육위원장),교육위원회,원안가결,283.0,283.0,,,2023-09-21,2023-09-15,2023-09-21,2023-09-22,2023-09-27,https://likms.assembly.go.kr/bill/billDetail.do?billId=PRC_Z2F3X0Q9N1O5R1W0O2D1Y2M2J4B1S2,사회
식물방역법 일부개정법률안(대안)(농림축산식품해양수산위원장),농림축산식품해양수산위원회,원안가결,224.0,223.0,,1.0,2023-09-14,2023-06-27,2023-10-06,2023-10-13,2023-10-24,https://likms.assembly.go.kr/bill/billDetail.do?billId=PRC_A2M3J0U6T2Q6H0S9Q4U6C5Q3M7P9D5,환경
농업·농촌 및 식품산업 기본법 일부개정법률안(대안)(농림축산식품해양수산위원장),농림축산식품해양수산위원회,원안가결,220.0,219.0,,1.0,2023-09-14,2023-06-27,2023-10-06,2023-10-13,2023-10-24,https://likms.assembly.go.kr/bill/billDetail.do?billId=PRC_B2W3A0V6A2J6M0L9X3C7M1T5F6L3S5,경제
상표법 일부개정법률안(대안)(산업통상자원중소벤처기업위원장),산업통상자원중소벤처기업위원회,원안가결,223.0,220.0,,3.0,2023-09-14,2023-07-05,2023-10-06,2023-10-20,2023-10-31,https://likms.assembly.go.kr/bill/billDetail.do?billId=PRC_E2Y3M0R6M2B3N1Y5K0M4U3J7U6J9O4,경제
해양환경관리법 일부개정법률안(대안)(농림축산식품해양수산위원장),농림축산식품해양수산위원회,원안가결,223.0,215.0,1.0,7.0,2023-09-14,2023-06-27,2023-10-06,2023-10-13,2023-10-24,https://likms.assembly.go.kr/bill/billDetail.do?billId=PRC_F2V3U0N6V2B6K1C8R2X8V4Z7C3V0C9,환경
전기사업법 일부개정법률안(대안)(산업통상자원중소벤처기업위원장),산업통상자원중소벤처기업위원회,원안가결,225.0,221.0,,4.0,2023-09-14,2023-07-05,2023-10-06,2023-10-20,2023-10-31,https://likms.assembly.go.kr/bill/billDetail.do?billId=PRC_J2C3L0P6Z2S3E1U5S0A3V4K8H0Q7D5,경제
산림자원의 조성 및 관리에 관한 법률 일부개정법률안(대안)(농림축산식품해양수산위원장),농림축산식품해양수산위원회,원안가결,219.0,216.0,,3.0,2023-09-14,2023-06-27,2023-10-06,2023-10-20,2023-10-31,https://likms.assembly.go.kr/bill/billDetail.do?billId=PRC_K2L3F0P6A2N6H0B9G5F1P2C7I5F7W2,환경
산림문화·휴양에 관한 법률 일부개정법률안(대안)(농림축산식품해양수산위원장),농림축산식품해양수산위원회,원안가결,220.0,215.0,,5.0,2023-09-14,2023-06-27,2023-10-06,2023-10-20,2023-10-31,https://likms.assembly.go.kr/bill/billDetail.do?billId=PRC_M2I3J0F6V2A6T0V9A5R3M2D9N6G1M5,환경
농약관리법 일부개정법률안(대안)(농림축산식품해양수산위원장),농림축산식품해양수산위원회,원안가결,219.0,218.0,,1.0,2023-09-14,2023-06-27,2023-10-06,2023-10-13,2023-10-24,https://likms.assembly.go.kr/bill/billDetail.do?billId=PRC_N2C3N0W6Z2E6L0B9T4L3H0Z0G5S9R1,환경
청소년복지 지원법 일부개정법률안(대안)(여성가족위원장),여성가족위원회,원안가결,253.0,252.0,,1.0,2023-09-14,2023-06-22,2023-10-06,2023-10-13,2023-10-24,https://likms.assembly.go.kr/bill/billDetail.do?billId=PRC_N2K3Q0Z6R2O0E1I1F2N6L3F0G2Z7X7,사회
독서문화진흥법 일부개정법률안(대안)(문화체육관광위원장),문화체육관광위원회,원안가결,227.0,222.0,,5.0,2023-09-14,2023-05-31,2023-10-06,2023-10-20,2023-10-31,https://likms.assembly.go.kr/bill/billDetail.do?billId=PRC_N2K3Z0I5E3V0S1K4J5K5A5U8B0S1H7,경제
전통시장 및 상점가 육성을 위한 특별법 일부개정법률안(대안)(산업통상자원중소벤처기업위원장),산업통상자원중소벤처기업위원회,원안가결,245.0,241.0,,4.0,2023-09-14,2023-05-24,2023-10-06,2023-10-20,2023-10-31,https://likms.assembly.go.kr/bill/billDetail.do?billId=PRC_N2V3R0I5F2F2F1F1C3E0H1P6X0C8O5,경제
양자과학기술 및 양자산업 육성에 관한 법률안(대안)(과학기술정보방송통신위원장),과학기술정보방송통신위원회,원안가결,239.0,239.0,,,2023-09-14,2023-05-24,2023-10-06,2023-10-20,2023-10-31,https://likms.assembly.go.kr/bill/billDetail.do?billId=PRC_N2W3B0B3F1C7F1B6E5N4N0A1D4C7K4,경제
농어업·농어촌특별위원회 설치 및 운영에 관한 법률 일부개정법률안(대안)(농림축산식품해양수산위원장),농림축산식품해양수산위원회,원안가결,220.0,216.0,,4.0,2023-09-14,2023-06-27,2023-10-06,2023-10-13,2023-10-24,https://likms.assembly.go.kr/bill/billDetail.do?billId=PRC_P2I3S0J6B2O6C0O9K3O8F4N4E0I3M1,경제
무형문화재 보전 및 진흥에 관한 법률 일부개정법률안(대안)(문화체육관광위원장),문화체육관광위원회,원안가결,232.0,230.0,,2.0,2023-09-14,2023-07-07,2023-10-06,2023-10-20,2023-10-31,https://likms.assembly.go.kr/bill/billDetail.do?billId=PRC_P2O3Z0I7F0I6E1P7T3B7U3J7W5I9I9,경제
중앙행정권한 및 사무 등의 지방 일괄이양을 위한 마리나항만의 조성 및 관리 등에 관한 법률 등 4개 법률의 일부개정에 관한 법률안(대안)(농림축산식품해양수산위원장),농림축산식품해양수산위원회,원안가결,221.0,218.0,,3.0,2023-09-14,2023-06-27,2023-10-06,2023-10-20,2023-10-31,https://likms.assembly.go.kr/bill/billDetail.do?billId=PRC_R2O3S0X6K2Y7W1H6K0P3N1S4A3L1U2,경제
과학기술분야 정부출연연구기관 등의 설립·운영 및 육성에 관한 법률 일부개정법률안(대안)(과학기술정보방송통신위원장),과학기술정보방송통신위원회,원안가결,232.0,228.0,2.0,2.0,2023-09-14,2023-05-24,2023-10-06,2023-10-20,2023-10-31,https://likms.assembly.go.kr/bill/billDetail.do?billId=PRC_S2Q3H0C3Y1J7R1B6V5Y1F3Q8N6I7B2,경제
해외농업·산림자원 개발협력법 일부개정법률안(대안)(농림축산식품해양수산위원장),농림축산식품해양수산위원회,원안가결,226.0,226.0,,,2023-09-14,2023-06-27,2023-10-06,2023-10-13,2023-10-24,https://likms.assembly.go.kr/bill/billDetail.do?billId=PRC_S2Z3G0S6M2B6A0L9K4P0M1R0P6D7Y5,경제
원자력안전법 일부개정법률안(대안)(과학기술정보방송통신위원장),과학기술정보방송통신위원회,원안가결,238.0,236.0,,2.0,2023-09-14,2023-05-24,2023-10-06,2023-10-20,2023-10-31,https://likms.assembly.go.kr/bill/billDetail.do?billId=PRC_U2M3B0C3G1X7U1C6A5Y5R1I3Z8W3T3,환경
관광진흥법 일부개정법률안(대안)(문화체육관광위원장),문화체육관광위원회,원안가결,229.0,228.0,,1.0,2023-09-14,2023-07-07,2023-10-06,2023-10-20,2023-10-31,https://likms.assembly.go.kr/bill/billDetail.do?billId=PRC_U2Y3X0S7Y0W6W1D6Y1W5L4P7J3K5I3,사회
문화재보호법 일부개정법률안(대안)(문화체육관광위원장),문화체육관광위원회,원안가결,231.0,230.0,,1.0,2023-09-14,2022-12-09,2023-10-06,2023-10-20,2023-10-31,https://likms.assembly.go.kr/bill/billDetail.do?billId=PRC_Y2M2Z1Z2X0M9L1U2P3R7D2L1K7U9W6,환경
백두대간 보호에 관한 법률 일부개정법률안(대안)(농림축산식품해양수산위원장),농림축산식품해양수산위원회,원안가결,217.0,211.0,,6.0,2023-09-14,2023-06-27,2023-10-06,2023-10-20,2023-10-31,https://likms.assembly.go.kr/bill/billDetail.do?billId=PRC_Y2S3O0Q6L2Y6M0E9J5Y2S1L8B4H1M5,환경
수의사법 일부개정법률안(대안)(농림축산식품해양수산위원장),농림축산식품해양수산위원회,원안가결,222.0,222.0,,,2023-09-14,2023-06-27,2023-10-06,2023-10-13,2023-10-24,https://likms.assembly.go.kr/bill/billDetail.do?billId=PRC_Y2X3E0G6D2O6N0R9S4S8I2W6M0E6R0,노동
공공주택 특별법 일부개정법률안(대안)(국토교통위원장),국토교통위원회,원안가결,245.0,242.0,,3.0,2023-09-04,2023-03-23,2023-10-06,2023-10-13,2023-10-24,https://likms.assembly.go.kr/bill/billDetail.do?billId=PRC_D2A3J0B3T2O2E1V7O2M4R1N3Q1V8L9,경제
초·중등교육법 일부개정법률안(대안)(교육위원장),교육위원회,원안가결,230.0,230.0,,,2023-09-04,2023-02-27,2023-10-06,2023-10-13,2023-10-24,https://likms.assembly.go.kr/bill/billDetail.do?billId=PRC_D2C3V0B2K2H7K1C2W4C0W1Q0E6Y2Y4,사회
도로법 일부개정법률안(대안)(국토교통위원장),국토교통위원회,원안가결,239.0,237.0,,2.0,2023-09-04,2023-06-29,2023-10-06,2023-10-13,2023-10-24,https://likms.assembly.go.kr/bill/billDetail.do?billId=PRC_E2M3I0G6I2N7X1L4W5X4Q2Y3N0R5L7,교통
종합부동산세법 일부개정법률안(진선미의원 등 10인),기획재정위원회,철회,,,,,2023-08-29,,2023-11-02,,,https://likms.assembly.go.kr/bill/billDetail.do?billId=PRC_Z2Z3Y0Z8G0H9G1E5E2C7D1Z1Z4Y0W5,경제
공직선거법 일부개정법률안(대안)(정치개혁특별위원장),정치개혁특별위원회,원안가결,189.0,150.0,17.0,22.0,2023-08-24,2023-07-13,2023-08-24,2023-08-25,2023-08-30,https://likms.assembly.go.kr/bill/billDetail.do?billId=PRC_B2N3O0T7F1Q2Z1G3P5Q8D1C1X3O5H4,사회
상표법 일부개정법률안(대안)(산업통상자원중소벤처기업위원장),산업통상자원중소벤처기업위원회,원안가결,210.0,208.0,,2.0,2023-08-23,2023-05-11,2023-08-24,2023-09-01,2023-09-14,https://likms.assembly.go.kr/bill/billDetail.do?billId=PRC_A2F3T0I4M2E5T1B9J0N0D3T3X4M0L6,경제
고독사 예방 및 관리에 관한 법률 일부개정법률안(대안)(보건복지위원장),보건복지위원회,원안가결,214.0,212.0,,2.0,2023-08-23,2023-03-23,2023-08-24,2023-09-01,2023-09-14,https://likms.assembly.go.kr/bill/billDetail.do?billId=PRC_F2M3Z0G3U2B2J1O5K4T3C4N0T2C1O8,사회
전자금융거래법 일부개정법률안(대안)(정무위원장),정무위원회,원안가결,240.0,239.0,,1.0,2023-08-23,2023-05-11,2023-08-24,2023-09-01,2023-09-14,https://likms.assembly.go.kr/bill/billDetail.do?billId=PRC_J2A3C0I5T0X8N1D2T3S8A3S4Q5Z0K3,경제
가축전염병 예방법 일부개정법률안(대안)(농림축산식품해양수산위원장),농림축산식품해양수산위원회,원안가결,206.0,206.0,,,2023-08-23,2023-05-11,2023-08-24,2023-09-01,2023-09-14,https://likms.assembly.go.kr/bill/billDetail.do?billId=PRC_J2B3E0I5T1V1C1D1Z5V2I3U2P8F0R2,환경
감염병의 예방 및 관리에 관한 법률 일부개정법률안(대안)(보건복지위원장),보건복지위원회,원안가결,214.0,214.0,,,2023-08-23,2023-04-27,2023-08-24,2023-09-01,2023-09-14,https://likms.assembly.go.kr/bill/billDetail.do?billId=PRC_J2N3B0V4W2K6I1C8Y5P7W1Y2C8N9G7,환경
전통문화산업 진흥법안(대안)(문화체육관광위원장),문화체육관광위원회,원안가결,220.0,218.0,,2.0,2023-08-23,2023-04-21,2023-08-24,2023-09-01,2023-09-14,https://likms.assembly.go.kr/bill/billDetail.do?billId=PRC_K2D3W0X4W2Q0C1F6F1M1T5P8Z5N5D4,경제
특허법 일부개정법률안(대안)(산업통상자원중소벤처기업위원장),산업통상자원중소벤처기업위원회,원안가결,212.0,208.0,,4.0,2023-08-23,2023-05-11,2023-08-24,2023-09-01,2023-09-14,https://likms.assembly.go.kr/bill/billDetail.do?billId=PRC_L2N3S0T4C2S5V1F8I5V9O5I8C9O8O3,경제
해양폐기물 및 해양오염퇴적물 관리법 일부개정법률안(대안)(농림축산식품해양수산위원장),농림축산식품해양수산위원회,원안가결,205.0,204.0,,1.0,2023-08-23,2023-05-11,2023-08-24,2023-09-01,2023-09-14,https://likms.assembly.go.kr/bill/billDetail.do?billId=PRC_N2M3H0R5M1A1X1H1A5Q5V5A8A3C4W4,환경
양봉산업의 육성 및 지원에 관한 법률  일부개정법률안(대안)(농림축산식품해양수산위원장),농림축산식품해양수산위원회,원안가결,211.0,211.0,,,2023-08-23,2023-05-11,2023-08-24,2023-09-01,2023-09-14,https://likms.assembly.go.kr/bill/billDetail.do?billId=PRC_N2Y3F0J5T1G1E1V1P5Y3M3N7G8B9H0,경제
해양사고의 조사 및 심판에 관한 법률 일부개정법률안(대안)(농림축산식품해양수산위원장),농림축산식품해양수산위원회,원안가결,205.0,203.0,,2.0,2023-08-23,2023-05-11,2023-08-24,2023-09-01,2023-09-14,https://likms.assembly.go.kr/bill/billDetail.do?billId=PRC_Q2C3A0X5Z1W1V1V1S5S5U2M8T5C4Z4,인권
국민체육진흥법 일부개정법률안(대안)(문화체육관광위원장),문화체육관광위원회,원안가결,226.0,226.0,,,2023-08-23,2023-04-21,2023-08-24,2023-09-01,2023-09-14,https://likms.assembly.go.kr/bill/billDetail.do?billId=PRC_U2C3Z0K4N2B0K1Q6G0O5P4Y5M4Q2W0,사회
중소기업진흥에 관한 법률 일부개정법률안(대안)(산업통상자원중소벤처기업위원장),산업통상자원중소벤처기업위원회,원안가결,217.0,216.0,,1.0,2023-08-23,2023-05-11,2023-08-24,2023-09-01,2023-09-14,https://likms.assembly.go.kr/bill/billDetail.do?billId=PRC_U2I3P0O4E2Y0C1M6P3S9Z3S6G0M8T7,경제
폐기물처리시설 설치촉진 및 주변지역지원 등에 관한 법률 일부개정법률안(대안)(환경노동위원장),환경노동위원회,원안가결,254.0,254.0,,,2023-08-23,2022-05-16,2023-08-24,2023-09-01,2023-09-14,https://likms.assembly.go.kr/bill/billDetail.do?billId=PRC_U2S2T0E5K1C1N1N3A0E8A2O0V1A9D9,환경
한국국제보건의료재단법 일부개정법률안(대안)(보건복지위원장),보건복지위원회,원안가결,208.0,196.0,1.0,11.0,2023-08-23,2022-12-09,2023-08-24,2023-09-01,2023-09-14,https://likms.assembly.go.kr/bill/billDetail.do?billId=PRC_W2P2C1N2A0Z8B1L1L2I2E0A2W6M4V3,사회
지방자치법 일부개정법률안(대안)(행정안전위원장),행정안전위원회,원안가결,230.0,229.0,,1.0,2023-08-23,2023-05-16,2023-08-24,2023-09-01,2023-09-14,https://likms.assembly.go.kr/bill/billDetail.do?billId=PRC_W2P3K0G5N1Q5Q1B7Y4H2K3F9O5A4M4,사회
디자인보호법 일부개정법률안(대안)(산업통상자원중소벤처기업위원장),산업통상자원중소벤처기업위원회,원안가결,206.0,202.0,,4.0,2023-08-23,2023-05-11,2023-08-24,2023-09-01,2023-09-14,https://likms.assembly.go.kr/bill/billDetail.do?billId=PRC_Y2J3I0E4Q2Y5N1X9M0N1V0W6V9D6R7,경제
자동차관리법 일부개정법률안(대안)(국토교통위원장),국토교통위원회,원안가결,210.0,209.0,,1.0,2023-08-23,2023-04-20,2023-08-24,2023-09-01,2023-09-14,https://likms.assembly.go.kr/bill/billDetail.do?billId=PRC_Y2T3W0W4G1C8U1E6P2U2E3W7K2F8D2,교통
문화재보호법 일부개정법률안(대안)(문화체육관광위원장),문화체육관광위원회,원안가결,223.0,221.0,,2.0,2023-08-23,2023-02-22,2023-08-24,2023-09-01,2023-09-14,https://likms.assembly.go.kr/bill/billDetail.do?billId=PRC_Z2N3J0U2F2V1R1J5O5A2W3N9M5Z6A1,환경
북한이탈주민의 보호 및 정착지원에 관한 법률 일부개정법률안(지성호의원 등 10인),외교통일위원회,철회,,,,,2023-08-07,,2023-08-22,,,https://likms.assembly.go.kr/bill/billDetail.do?billId=PRC_D2C3A0A7I2I0H1I1G1F8F5N0N3M9M7,인권
사립대학의 구조개선 지원에 관한 법률안(문정복의원 등 10인),,철회,,,,,2023-07-27,,2023-07-28,,,https://likms.assembly.go.kr/bill/billDetail.do?billId=PRC_C2A3B0J7J2H6I1H5F2F3B4C2A3Z0Z2,경제
하천법 일부개정법률안(대안)(환경노동위원장),환경노동위원회,원안가결,250.0,249.0,,1.0,2023-07-27,2023-07-26,2023-07-27,2023-08-04,2023-08-16,https://likms.assembly.go.kr/bill/billDetail.do?billId=PRC_C2H3M0J7C2E6J1K5M5E0F1F2K7V6C5,환경
환경오염시설의 통합관리에 관한 법률 일부개정법률안(대안)(환경노동위원장),환경노동위원회,원안가결,260.0,258.0,,2.0,2023-07-26,2023-05-24,2023-07-27,2023-08-04,2023-08-16,https://likms.assembly.go.kr/bill/billDetail.do?billId=PRC_B2T3D0R5C2C2T1B5R5E2H1A1M6I7A4,환경
석재산업 진흥에 관한 법률 일부개정법률안(대안)(농림축산식품해양수산위원장),농림축산식품해양수산위원회,원안가결,222.0,207.0,6.0,9.0,2023-07-26,2023-04-24,2023-07-27,2023-08-04,2023-08-16,https://likms.assembly.go.kr/bill/billDetail.do?billId=PRC_B2U3G0O4L2K1C0Z9Q0R4Y4Y5W3R4S4,경제
궤도운송법 일부개정법률안(대안)(국토교통위원장),국토교통위원회,원안가결,209.0,209.0,,,2023-07-26,2023-04-20,2023-07-27,2023-08-04,2023-08-16,https://likms.assembly.go.kr/bill/billDetail.do?billId=PRC_C2L3H0S4E1P8S1U6R2O0S5S4L9E9V3,교통
교통안전법 일부개정법률안(대안)(국토교통위원장),국토교통위원회,원안가결,209.0,209.0,,,2023-07-26,2023-03-23,2023-07-27,2023-08-04,2023-08-16,https://likms.assembly.go.kr/bill/billDetail.do?billId=PRC_E2I3I0T3J2I2O1Q8W1F0O1X9X2U5L5,교통
양식산업발전법 일부개정법률안(대안)(농림축산식품해양수산위원장),농림축산식품해양수산위원회,원안가결,229.0,228.0,,1.0,2023-07-26,2023-05-11,2023-07-27,2023-08-04,2023-08-16,https://likms.assembly.go.kr/bill/billDetail.do?billId=PRC_I2I3C0I5P1G1Y1S1F5B5V0K1Q1N4B9,경제
농지법 일부개정법률안(대안)(농림축산식품해양수산위원장),농림축산식품해양수산위원회,원안가결,228.0,226.0,,2.0,2023-07-26,2023-04-24,2023-07-27,2023-08-04,2023-08-16,https://likms.assembly.go.kr/bill/billDetail.do?billId=PRC_I2O3A0P4J2V1U0E9G0L4V0I8X8L7P2,경제
부동산투자회사법 일부개정법률안(대안)(국토교통위원장),국토교통위원회,원안가결,218.0,217.0,,1.0,2023-07-26,2023-03-23,2023-07-27,2023-08-04,2023-08-16,https://likms.assembly.go.kr/bill/billDetail.do?billId=PRC_J2E3D0C3I2R2W1Q7S1Z6B4W1H6R7M4,경제
응급의료에 관한 법률 일부개정법률안(대안)(보건복지위원장),보건복지위원회,원안가결,228.0,226.0,,2.0,2023-07-26,2023-03-23,2023-07-27,2023-08-04,2023-08-16,https://likms.assembly.go.kr/bill/billDetail.do?billId=PRC_J2O3L0M3G2U2H1I6Z0U4G4U4M3E0U1,사회
농어업경영체 육성 및 지원에 관한 법률 일부개정법률안(대안)(농림축산식품해양수산위원장),농림축산식품해양수산위원회,원안가결,224.0,223.0,,1.0,2023-07-26,2023-04-24,2023-07-27,2023-08-04,2023-08-16,https://likms.assembly.go.kr/bill/billDetail.do?billId=PRC_L2S3A0D4N2I1D0S9Q0K3E0G5A5K8L8,경제
영산강·섬진강수계 물관리 및 주민지원 등에 관한 법률 일부개정법률안(대안)(환경노동위원장),환경노동위원회,원안가결,249.0,248.0,,1.0,2023-07-26,2023-04-25,2023-07-27,2023-08-04,2023-08-16,https://likms.assembly.go.kr/bill/billDetail.do?billId=PRC_L2V3N0X4O2O0G1T4B0X4R1A8K3X0R0,환경
감염병의 예방 및 관리에 관한 법률 일부개정법률안(대안)(보건복지위원장),보건복지위원회,원안가결,230.0,229.0,,1.0,2023-07-26,2023-03-23,2023-07-27,2023-08-04,2023-08-16,https://likms.assembly.go.kr/bill/billDetail.do?billId=PRC_P2O3M0V3H2R2T1I7C3U6T0I8G8Q6N4,사회
금강수계 물관리 및 주민지원 등에 관한 법률 일부개정법률안(대안)(환경노동위원장),환경노동위원회,원안가결,249.0,248.0,,1.0,2023-07-26,2023-04-25,2023-07-27,2023-08-04,2023-08-16,https://likms.assembly.go.kr/bill/billDetail.do?billId=PRC_P2Q3M0E4S2N0E1O4O0E3M1B4V9F2C2,환경
자동차관리법 일부개정법률안(대안)(국토교통위원장),국토교통위원회,원안가결,220.0,219.0,,1.0,2023-07-26,2023-03-23,2023-07-27,2023-08-04,2023-08-16,https://likms.assembly.go.kr/bill/billDetail.do?billId=PRC_S2R3L0E3Z2C2C1E8Y0D4B1C0O8S3H4,교통
주민조례발안에 관한 법률 일부개정법률안(대안)(행정안전위원장),행정안전위원회,원안가결,249.0,246.0,,3.0,2023-07-26,2023-04-25,2023-07-27,2023-08-04,2023-08-16,https://likms.assembly.go.kr/bill/billDetail.do?billId=PRC_T2U3X0Q4P2G4L1K7P3H2F4A5F3W7Y4,노동
여수ㆍ순천 10ㆍ19사건 진상규명 및 희생자 명예회복에 관한 특별법 일부개정법률안(대안)(행정안전위원장),행정안전위원회,원안가결,240.0,215.0,4.0,21.0,2023-07-26,2023-04-25,2023-07-27,2023-08-04,2023-08-16,https://likms.assembly.go.kr/bill/billDetail.do?billId=PRC_U2C3R0W4F2M4U1M7B2X9J3Z7S5M7P5,인권
주차장법 일부개정법률안(대안)(국토교통위원장),국토교통위원회,원안가결,208.0,207.0,1.0,,2023-07-26,2023-03-23,2023-07-27,2023-08-04,2023-08-16,https://likms.assembly.go.kr/bill/billDetail.do?billId=PRC_U2I3O0N3J2D2V1W7B5T9E5Y2J9P3Z6,교통
마약류 관리에 관한 법률 일부개정법률안(대안)(보건복지위원장),보건복지위원회,원안가결,232.0,232.0,,,2023-07-26,2023-04-27,2023-07-27,2023-08-04,2023-08-16,https://likms.assembly.go.kr/bill/billDetail.do?billId=PRC_U2K3P0Z4H2N6G1M8O5B5A1W8T8U5A7,인권
교통약자의 이동편의 증진법 일부개정법률안(대안)(국토교통위원장),국토교통위원회,원안가결,219.0,219.0,,,2023-07-26,2023-02-15,2023-07-27,2023-08-04,2023-08-16,https://likms.assembly.go.kr/bill/billDetail.do?billId=PRC_U2P3A0V2A1V4U1G4O0N7B0R6T4Q7J1,교통
민간임대주택에 관한 특별법 일부개정법률안(대안)(국토교통위원장),국토교통위원회,원안가결,221.0,218.0,,3.0,2023-07-26,2023-03-23,2023-07-27,2023-08-04,2023-08-16,https://likms.assembly.go.kr/bill/billDetail.do?billId=PRC_U2U3T0Z3P2R2L1X7B2P1R3H0Z7E8V1,경제
국민건강증진법 일부개정법률안(대안)(보건복지위원장),보건복지위원회,원안가결,228.0,225.0,,3.0,2023-07-26,2023-04-27,2023-07-27,2023-08-04,2023-08-16,https://likms.assembly.go.kr/bill/billDetail.do?billId=PRC_V2D3W0O4D2X6C1M8M5D8I1M5L9R9A8,인권
주민등록법 일부개정법률안(대안)(행정안전위원장),행정안전위원회,원안가결,244.0,242.0,,2.0,2023-07-26,2023-03-22,2023-07-27,2023-08-04,2023-08-16,https://likms.assembly.go.kr/bill/billDetail.do?billId=PRC_V2E3J0X3W2F1X1T4L5Y8Z2G1R6U0H8,인권
물류시설의 개발 및 운영에 관한 법률 일부개정법률안(대안)(국토교통위원장),국토교통위원회,원안가결,204.0,200.0,,4.0,2023-07-26,2023-03-23,2023-07-27,2023-08-04,2023-08-16,https://likms.assembly.go.kr/bill/billDetail.do?billId=PRC_V2R3B0D3S2F2B1B8P0Z1M0I4E9T9R1,인권
경찰공무원법 일부개정법률안(대안)(행정안전위원장),행정안전위원회,원안가결,235.0,235.0,,,2023-07-26,2023-03-22,2023-07-27,2023-08-04,2023-08-16,https://likms.assembly.go.kr/bill/billDetail.do?billId=PRC_X2R3G0E3U2K1E1C5C0P0Q5H2I3H3O5,노동
무인도서의 보전 및 관리에 관한 법률 일부개정법률안(대안)(농림축산식품해양수산위원장),농림축산식품해양수산위원회,원안가결,230.0,229.0,,1.0,2023-07-26,2023-03-23,2023-07-27,2023-08-04,2023-08-16,https://likms.assembly.go.kr/bill/billDetail.do?billId=PRC_Y2F3A0P3F2J1Y1X4Y0C0K1F7Q1I0V1,환경
낙동강수계 물관리 및 주민지원 등에 관한 법률 일부개정법률안(대안)(환경노동위원장),환경노동위원회,원안가결,248.0,248.0,,,2023-07-26,2023-04-25,2023-07-27,2023-08-04,2023-08-16,https://likms.assembly.go.kr/bill/billDetail.do?billId=PRC_Z2E3N0V4N2U0H1Q4Q0V2B0L9E2K4Y1,환경
대도시권 광역교통 관리에 관한 특별법 일부개정법률안(대안)(국토교통위원장),국토교통위원회,원안가결,219.0,212.0,,7.0,2023-07-26,2023-03-23,2023-07-27,2023-08-04,2023-08-16,https://likms.assembly.go.kr/bill/billDetail.do?billId=PRC_Z2K3Q0H3P2A2S1N8G0Z9N0T3B5R3B2,교통
무형문화재 보전 및 진흥에 관한 법률 일부개정법률안(대안)(문화체육관광위원장),문화체육관광위원회,원안가결,204.0,197.0,,7.0,2023-07-17,2023-03-29,2023-07-18,2023-07-28,2023-08-08,https://likms.assembly.go.kr/bill/billDetail.do?billId=PRC_C2W3G0P3X2U8U1T3M5C5U1X9L2F2N8,경제
여권법 일부개정법률안(대안)(외교통일위원장),외교통일위원회,원안가결,218.0,212.0,,6.0,2023-07-17,2023-04-12,2023-07-18,2023-07-28,2023-08-08,https://likms.assembly.go.kr/bill/billDetail.do?billId=PRC_D2W3D0R4O1Q2I0W9Z5N1M5K4X3L7K0,인권
아동복지법 일부개정법률안(대안)(보건복지위원장),보건복지위원회,원안가결,200.0,200.0,,,2023-07-17,2023-03-23,2023-07-18,2023-07-28,2023-08-08,https://likms.assembly.go.kr/bill/billDetail.do?billId=PRC_F2Q3B0J3T2V2M1X5J4N5Z5Y2D6L3O9,사회
진폐의 예방과 진폐근로자의 보호 등에 관한 법률 일부개정법률안(대안)(환경노동위원장),환경노동위원회,원안가결,205.0,204.0,,1.0,2023-07-17,2023-04-25,2023-07-18,2023-07-28,2023-08-08,https://likms.assembly.go.kr/bill/billDetail.do?billId=PRC_G2S3W0A4Q2U0O1O4O1S0Z3P0Z1C7J4,노동
구직자 취업촉진 및 생활안정지원에 관한 법률 일부개정법률안(대안)(환경노동위원장),환경노동위원회,원안가결,206.0,206.0,,,2023-07-17,2023-04-25,2023-07-18,2023-07-28,2023-08-08,https://likms.assembly.go.kr/bill/billDetail.do?billId=PRC_H2B3K0S4W2O0L1V4V1C3A3E8G1I6S0,노동
형법 일부개정법률안(대안)(법제사법위원장),법제사법위원회,원안가결,260.0,251.0,,9.0,2023-07-17,2023-07-17,2023-07-18,2023-07-28,2023-08-08,https://likms.assembly.go.kr/bill/billDetail.do?billId=PRC_H2Z3J0C7W1E4N1Q6E5C3Y5Q9S9U9X3,인권
공공단체등 위탁선거에 관한 법률 일부개정법률안(대안)(행정안전위원장),행정안전위원회,원안가결,223.0,223.0,,,2023-07-17,2023-03-22,2023-07-18,2023-07-28,2023-08-08,https://likms.assembly.go.kr/bill/billDetail.do?billId=PRC_I2F3S0O3V2J1W1F5U0R0W2L1X1D8B5,인권
영유아보육법 일부개정법률안(대안)(보건복지위원장),보건복지위원회,원안가결,207.0,205.0,,2.0,2023-07-17,2023-03-23,2023-07-18,2023-07-28,2023-08-08,https://likms.assembly.go.kr/bill/billDetail.do?billId=PRC_J2N3N0K3X2X2J1F5R5S4Q3V9R7X5X6,사회
대규모유통업에서의 거래 공정화에 관한 법률 일부개정법률안(대안)(정무위원장),정무위원회,원안가결,253.0,249.0,,4.0,2023-07-17,2023-04-06,2023-07-18,2023-07-28,2023-08-08,https://likms.assembly.go.kr/bill/billDetail.do?billId=PRC_J2X3B0I4X0W3M1N3Z4I0K0H8M1P4K5,경제
저작권법 일부개정법률안(대안)(문화체육관광위원장),문화체육관광위원회,원안가결,221.0,220.0,,1.0,2023-07-17,2023-04-21,2023-07-18,2023-07-28,2023-08-08,https://likms.assembly.go.kr/bill/billDetail.do?billId=PRC_K2B3P0A4L2R0E1X6C1W0X0Q4S2W3V7,경제
매장문화재 보호 및 조사에 관한 법률 일부개정법률안(대안)(문화체육관광위원장),문화체육관광위원회,원안가결,196.0,188.0,,8.0,2023-07-17,2023-03-29,2023-07-18,2023-07-28,2023-08-08,https://likms.assembly.go.kr/bill/billDetail.do?billId=PRC_K2I3S0V3I2Q8Z1L3R5X3D3C7O0S5J5,환경
관광진흥법 일부개정법률안(대안)(문화체육관광위원장),문화체육관광위원회,원안가결,219.0,219.0,,,2023-07-17,2023-03-29,2023-07-18,2023-07-28,2023-08-08,https://likms.assembly.go.kr/bill/billDetail.do?billId=PRC_L2T3Q0S3I2L8R1Q3P5H6H2B8Y5S4R0,경제
응급의료에 관한 법률 일부개정법률안(대안)(보건복지위원장),보건복지위원회,원안가결,195.0,191.0,,4.0,2023-07-17,2023-02-24,2023-07-18,2023-07-28,2023-08-08,https://likms.assembly.go.kr/bill/billDetail.do?billId=PRC_L2W3X0X2T1H6S1B0I5V6K3L7V9C7S9,사회
마약류 관리에 관한 법률 일부개정법률안(대안)(보건복지위원장),보건복지위원회,원안가결,208.0,207.0,,1.0,2023-07-17,2023-03-23,2023-07-18,2023-07-28,2023-08-08,https://likms.assembly.go.kr/bill/billDetail.do?billId=PRC_M2V3E0J3J2B2F1T5J5L0R1A6Q2Z6U9,인권
체육시설의 설치·이용에 관한 법률 일부개정법률안(대안)(문화체육관광위원장),문화체육관광위원회,원안가결,220.0,217.0,1.0,2.0,2023-07-17,2023-04-21,2023-07-18,2023-07-28,2023-08-08,https://likms.assembly.go.kr/bill/billDetail.do?billId=PRC_P2I3V0Q4S2R0M1X6C0M6C4L1U6I5Y8,사회
법률용어 정비를 위한 문화체육관광위원회 소관 43개 법률 일부개정을 위한 법률안(문화체육관광위원장),문화체육관광위원회,원안가결,218.0,215.0,,3.0,2023-07-17,2023-03-29,2023-07-18,2023-07-28,2023-08-08,https://likms.assembly.go.kr/bill/billDetail.do?billId=PRC_Q2R3V0Y3A2E9C1I5V2Q7I1A7W3D7I9,인권
방위산업 발전 및 지원에 관한 법률 일부개정법률안(대안)(국방위원장),국방위원회,원안가결,225.0,221.0,1.0,3.0,2023-07-17,2023-04-06,2023-07-18,2023-07-28,2023-08-08,https://likms.assembly.go.kr/bill/billDetail.do?billId=PRC_R2K3N0B4K0F5X0Z9L2B7T4J5D9T7R2,경제
장애인복지법 일부개정법률안(대안)(보건복지위원장),보건복지위원회,원안가결,207.0,206.0,,1.0,2023-07-17,2023-03-23,2023-07-18,2023-07-28,2023-08-08,https://likms.assembly.go.kr/bill/billDetail.do?billId=PRC_V2D3O0E3W2J2N1E5A5O3X1Z0O2V2F7,사회
가맹사업거래의 공정화에 관한 법률 일부개정법률안(대안)(정무위원장),정무위원회,원안가결,250.0,233.0,5.0,12.0,2023-07-17,2023-04-06,2023-07-18,2023-07-28,2023-08-08,https://likms.assembly.go.kr/bill/billDetail.do?billId=PRC_W2P3N0H4H0F3R1Y3I3B8K2O5E3C9D3,경제
각급 법원의 설치와 관할구역에 관한 법률 일부개정법률안(윤영석의원 등 10인),법제사법위원회,철회,,,,,2023-07-12,,2023-07-26,,,https://likms.assembly.go.kr/bill/billDetail.do?billId=PRC_N2W3U0V3U3S1A0Z9Y5Z2X0F9D4D4D8,인권
물순환 촉진 및 지원에 관한 법률안(이수진의원 등 13인),환경노동위원회,수정가결,237.0,234.0,,3.0,2023-07-03,2023-08-25,2023-10-06,2023-10-13,2023-10-24,https://likms.assembly.go.kr/bill/billDetail.do?billId=PRC_R2R3E0D7C0X3W1V0W1V4D2B5A4Z4H3,환경
노동조합 및 노동관계조정법 일부개정법률안(대안)(환경노동위원장),환경노동위원회,원안가결,174.0,173.0,,1.0,2023-06-30,2023-02-21,2023-11-09,2023-11-17,,https://likms.assembly.go.kr/bill/billDetail.do?billId=PRC_B2C3U0X2E1S6F1T2J2Q5C0N7U0B6B6,노동
국제입양에 관한 법률안(대안)(보건복지위원장),보건복지위원회,원안가결,265.0,265.0,,,2023-06-29,2022-12-09,2023-06-30,2023-07-07,2023-07-18,https://likms.assembly.go.kr/bill/billDetail.do?billId=PRC_B2H2M1R2L0T8U1U0W1J2T2Y5L1V6L8,사회
정보통신공사업법 일부개정법률안(대안)(과학기술정보방송통신위원장),과학기술정보방송통신위원회,원안가결,260.0,257.0,,3.0,2023-06-29,2022-12-01,2023-06-30,2023-07-07,2023-07-18,https://likms.assembly.go.kr/bill/billDetail.do?billId=PRC_B2L2V1U1R3I0J1S4Q0B5U1W6X7F0S7,경제
형의 실효 등에 관한 법률 일부개정법률안(대안)(법제사법위원장),법제사법위원회,원안가결,270.0,269.0,,1.0,2023-06-29,2023-06-29,2023-06-30,2023-06-30,2023-07-06,https://likms.assembly.go.kr/bill/billDetail.do?billId=PRC_E2L3K0F6O2J8B1V9Q4T3F0M3V1F0I3,인권
성균관·향교·서원전통문화의 계승·발전 및 지원에 관한 법률안(대안)(문화체육관광위원장),문화체육관광위원회,원안가결,257.0,254.0,,3.0,2023-06-29,2023-03-29,2023-06-30,2023-07-14,2023-07-25,https://likms.assembly.go.kr/bill/billDetail.do?billId=PRC_G2M3Z0Y3X2J8K1A3W4E4H5U9K5I2Z1,경제
도시개발법 일부개정법률안(대안)(국토교통위원장),국토교통위원회,원안가결,265.0,254.0,1.0,10.0,2023-06-29,2023-03-23,2023-06-30,2023-07-07,2023-07-18,https://likms.assembly.go.kr/bill/billDetail.do?billId=PRC_I2H3B0Y3T2V2I1Z7U1W4C4J0O9T3F3,환경
자본시장과 금융투자업에 관한 법률 일부개정법률안(대안)(정무위원장),정무위원회,원안가결,265.0,260.0,,5.0,2023-06-29,2023-04-06,2023-06-30,2023-07-07,2023-07-18,https://likms.assembly.go.kr/bill/billDetail.do?billId=PRC_L2H3G0N4J0I3O1L3S2O7V2R9M1S0C0,경제
도시 및 주거환경정비법 일부개정법률안(대안)(국토교통위원장),국토교통위원회,원안가결,263.0,251.0,1.0,11.0,2023-06-29,2023-03-23,2023-06-30,2023-07-07,2023-07-18,https://likms.assembly.go.kr/bill/billDetail.do?billId=PRC_N2P3U0G3J2W2J1U7E2Q0U0O8T3M7G5,환경
아동복지법 일부개정법률안(대안)(보건복지위원장),보건복지위원회,원안가결,266.0,265.0,,1.0,2023-06-29,2022-12-09,2023-06-30,2023-07-07,2023-07-18,https://likms.assembly.go.kr/bill/billDetail.do?billId=PRC_P2Q2P1G2P0T8O1I0A4C8Y0C8Z7Z3R0,사회
입양특례법 전부개정법률안(대안)(보건복지위원장),보건복지위원회,원안가결,269.0,269.0,,,2023-06-29,2022-12-09,2023-06-30,2023-07-07,2023-07-18,https://likms.assembly.go.kr/bill/billDetail.do?billId=PRC_Q2D2J1U2A0Z8C1K1Q1O5O3V2N1A7V3,사회
한의약 육성법 일부개정법률안(대안)(보건복지위원장),보건복지위원회,원안가결,265.0,259.0,,6.0,2023-06-29,2023-03-23,2023-06-30,2023-07-07,2023-07-18,https://likms.assembly.go.kr/bill/billDetail.do?billId=PRC_R2H3Q0Y3G2Q2X1A5K4K9R0M6I0A6N7,사회
가상자산 이용자 보호 등에 관한 법률안(대안)(정무위원장),정무위원회,원안가결,268.0,265.0,,3.0,2023-06-29,2023-05-11,2023-06-30,2023-07-07,2023-07-18,https://likms.assembly.go.kr/bill/billDetail.do?billId=PRC_S2B3O0Y5C0A8D1F3Q2D9X2E8U6T7R9,경제
가족관계의 등록 등에 관한 법률 일부개정법률안(대안)(법제사법위원장),법제사법위원회,원안가결,267.0,267.0,,,2023-06-29,2023-06-29,2023-06-30,2023-07-07,2023-07-18,https://likms.assembly.go.kr/bill/billDetail.do?billId=PRC_V2K3L0V6N2O8Z1O9C4D1K0O0R8B3M0,사회
전기통신사업법 일부개정법률안(대안)(과학기술정보방송통신위원장),과학기술정보방송통신위원회,원안가결,264.0,264.0,,,2023-06-29,2023-03-21,2023-06-30,2023-07-07,2023-07-18,https://likms.assembly.go.kr/bill/billDetail.do?billId=PRC_Y2H3I0K3P1F7A1Z6T3W8Z2O9S6T9D2,경제
국악진흥법안(대안)(문화체육관광위원장),문화체육관광위원회,원안가결,252.0,247.0,,5.0,2023-06-29,2023-03-29,2023-06-30,2023-07-14,2023-07-25,https://likms.assembly.go.kr/bill/billDetail.do?billId=PRC_Y2J3T0U3I2C8V1S3O4Y7G0S3Y0Y0I4,사회
통계법 일부개정법률안(대안)(기획재정위원장),기획재정위원회,원안가결,266.0,266.0,,,2023-06-29,2023-04-17,2023-06-30,2023-07-07,2023-07-18,https://likms.assembly.go.kr/bill/billDetail.do?billId=PRC_Z2D3T0Q4G1V3H1L6A2O5H3M8J6Y5N9,경제
체육인 복지법 일부개정법률안(이용의원 등 10인),문화체육관광위원회,철회,,,,,2023-06-26,,2023-07-21,,,https://likms.assembly.go.kr/bill/billDetail.do?billId=PRC_L2M3K0K6J1J5I1Q4Q1O1P2N1O8N4U3,사회
평생교육법 일부개정법률안(윤준병의원 등 12인),교육위원회,철회,,,,,2023-06-23,,2023-06-29,,,https://likms.assembly.go.kr/bill/billDetail.do?billId=PRC_G2H3F0G6E0F1D0E9A2Y8Z4X0Y3W7W4,교육
의료기사 등에 관한 법률 일부개정법률안(윤준병의원 등 12인),보건복지위원회,철회,,,,,2023-06-23,,2023-06-29,,,https://likms.assembly.go.kr/bill/billDetail.do?billId=PRC_H2I3G0E5F2D5E1M1M3L8J1K2I3J6Q0,노동
공중위생관리법 일부개정법률안(윤준병의원 등 12인),보건복지위원회,철회,,,,,2023-06-23,,2023-06-29,,,https://likms.assembly.go.kr/bill/billDetail.do?billId=PRC_P2Q3O0P6N0O1M0U9U2T9U5S3S2R7Z6,환경
국민영양관리법 일부개정법률안(윤준병의원 등 12인),보건복지위원회,철회,,,,,2023-06-23,,2023-06-29,,,https://likms.assembly.go.kr/bill/billDetail.do?billId=PRC_Q2Q3O0P6O0M1M0I9J2H0I2G3F8F5N2,인권
응급의료에 관한 법률 일부개정법률안(윤준병의원 등 12인),보건복지위원회,철회,,,,,2023-06-23,,2023-06-29,,,https://likms.assembly.go.kr/bill/billDetail.do?billId=PRC_U2U3S0T6R0S1Z0Y9Z2X7Y5W7W4S9T6,사회
공무원연금법 일부개정법률안(대안)(행정안전위원장),행정안전위원회,원안가결,230.0,221.0,1.0,8.0,2023-06-20,2023-05-16,2023-06-21,2023-06-23,2023-06-30,https://likms.assembly.go.kr/bill/billDetail.do?billId=PRC_E2W3X0G5Z1C5F1K7S4O3S3M9K8R4Q5,경제
참전유공자 예우 및 단체설립에 관한 법률 일부개정법률안(대안)(정무위원장),정무위원회,원안가결,241.0,241.0,,,2023-06-20,2023-04-06,2023-06-21,2023-06-30,2023-07-11,https://likms.assembly.go.kr/bill/billDetail.do?billId=PRC_G2C3F0F4P0S3O1E3E3B3W1D2C9C5O8,인권
대한민국재향군인회법 일부개정법률안(대안)(정무위원장),정무위원회,원안가결,243.0,243.0,,,2023-06-20,2023-04-06,2023-06-21,2023-06-30,2023-07-11,https://likms.assembly.go.kr/bill/billDetail.do?billId=PRC_I2T3R0P4T0E3A1W3S3K0B4A6Z5L9V4,노동
자살예방 및 생명존중문화 조성을 위한 법률 일부개정법률안(대안)(보건복지위원장),보건복지위원회,원안가결,230.0,228.0,,2.0,2023-06-20,2023-02-24,2023-06-21,2023-06-30,2023-07-11,https://likms.assembly.go.kr/bill/billDetail.do?billId=PRC_K2N3S0G2E1A6J1K0I5M7M4A2E2A2U1,인권
국회법 일부개정법률안(대안)(국회운영위원장),국회운영위원회,원안가결,246.0,246.0,,,2023-06-20,2023-04-06,2023-06-21,2023-06-30,2023-07-11,https://likms.assembly.go.kr/bill/billDetail.do?billId=PRC_L2X3M0T4U0Z3E1N8E3T5U0P5S9Y9L6,인권
행정규제기본법 일부개정법률안(대안)(정무위원장),정무위원회,원안가결,235.0,224.0,1.0,10.0,2023-06-20,2023-04-06,2023-06-21,2023-06-30,2023-07-11,https://likms.assembly.go.kr/bill/billDetail.do?billId=PRC_M2O3B0R4W0L3X1F3K3K5R1D7O9M9K0,경제
전자장치 부착 등에 관한 법률 일부개정법률안(대안)(법제사법위원장),법제사법위원회,원안가결,243.0,243.0,,,2023-06-20,2023-06-20,2023-06-21,2023-06-30,2023-07-11,https://likms.assembly.go.kr/bill/billDetail.do?billId=PRC_Q2H3W0F6B1G9G2J0W5Y1P4W0V6W1N1,경제
스토킹범죄의 처벌 등에 관한 법률 일부개정법률안(대안)(법제사법위원장),법제사법위원회,원안가결,246.0,246.0,,,2023-06-20,2023-06-20,2023-06-21,2023-06-30,2023-07-11,https://likms.assembly.go.kr/bill/billDetail.do?billId=PRC_Q2K3H0B6L1E9A2J0L4H3T0D0Y8N1A4,인권
한국주택금융공사법 일부개정법률안(대안)(정무위원장),정무위원회,원안가결,240.0,237.0,1.0,2.0,2023-06-20,2023-04-06,2023-06-21,2023-06-30,2023-07-11,https://likms.assembly.go.kr/bill/billDetail.do?billId=PRC_R2J3P0R4A0Q3N1G3Q2Y8X4W8U6G8W5,경제
민사소송법 일부개정법률안(대안)(법제사법위원장),법제사법위원회,원안가결,248.0,247.0,,1.0,2023-06-20,2023-06-20,2023-06-21,2023-06-30,2023-07-11,https://likms.assembly.go.kr/bill/billDetail.do?billId=PRC_T2E3U0Z6R1H9J2O0C3S3V3H4O1R3L8,인권
제대군인지원에 관한 법률 일부개정법률안(대안)(정무위원장),정무위원회,원안가결,241.0,240.0,,1.0,2023-06-20,2023-04-06,2023-06-21,2023-06-30,2023-07-11,https://likms.assembly.go.kr/bill/billDetail.do?billId=PRC_X2N3P0J4I0V3C1D3F3K1X4F8N4A8Y8,인권
성폭력범죄의 처벌 등에 관한 특례법 일부개정법률안(대안)(법제사법위원장),법제사법위원회,원안가결,246.0,246.0,,,2023-06-20,2023-06-20,2023-06-21,2023-06-30,2023-07-11,https://likms.assembly.go.kr/bill/billDetail.do?billId=PRC_Y2E3Q0L6X1M9T2V0F3F0D2U0E8G7P7,인권
주택임대차보호법 일부개정법률안(정점식의원 등 10인),법제사법위원회,원안가결,249.0,249.0,,,2023-06-15,2023-06-20,2023-06-21,2023-06-30,2023-07-11,https://likms.assembly.go.kr/bill/billDetail.do?billId=PRC_I2G3G0F5F1B6A1A7Y4Z6X2Y2G2G8E2,노동
노인복지법 일부개정법률안(강기윤의원 등 10인),보건복지위원회,철회,,,,,2023-06-09,,2023-06-22,,,https://likms.assembly.go.kr/bill/billDetail.do?billId=PRC_J2H3G0G6E0F8B1B4A5A8Y5X0Y6F4G5,사회
병역법 일부개정법률안(대안)(국방위원장),국방위원회,원안가결,225.0,223.0,,2.0,2023-05-25,2022-11-18,2023-05-25,2023-06-09,2023-06-20,https://likms.assembly.go.kr/bill/billDetail.do?billId=PRC_A2B2T1T1C1Z7X1L6X5C2I4B8N0X6L1,국방
대리점거래의 공정화에 관한 법률 일부개정법률안(대안)(정무위원장),정무위원회,원안가결,227.0,225.0,,2.0,2023-05-25,2022-12-05,2023-05-25,2023-06-09,2023-06-20,https://likms.assembly.go.kr/bill/billDetail.do?billId=PRC_A2I2J1Z1J2Z3F1K1S4Z4K5E9G0J1U2,경제
평화경제특별구역의 지정 및 운영에 관한 법률안(대안)(외교통일위원장),외교통일위원회,원안가결,220.0,214.0,2.0,4.0,2023-05-25,2023-02-17,2023-05-25,2023-06-02,2023-06-13,https://likms.assembly.go.kr/bill/billDetail.do?billId=PRC_C2V3N0P2N1N7D1F1H3S4V5N8E5S3B4,경제
국회법 일부개정법률안(대안)(정치개혁특별위원장),정치개혁특별위원회,원안가결,269.0,269.0,,,2023-05-25,2023-05-22,2023-05-25,2023-05-26,2023-06-07,https://likms.assembly.go.kr/bill/billDetail.do?billId=PRC_C2W3D0Y5P1J9L1H6D3Z0T0Z4V7D5S6,사회
소비자기본법 일부개정법률안(대안)(정무위원장),정무위원회,원안가결,230.0,229.0,,1.0,2023-05-25,2022-12-05,2023-05-25,2023-06-09,2023-06-20,https://likms.assembly.go.kr/bill/billDetail.do?billId=PRC_D2N2Z1Q1T2Y3Y1S1N3K8A5O0T4B1T0,경제
소음·진동관리법 일부개정법률안(대안)(환경노동위원장),환경노동위원회,원안가결,181.0,178.0,1.0,2.0,2023-05-25,2022-12-20,2023-05-25,2023-06-02,2023-06-13,https://likms.assembly.go.kr/bill/billDetail.do?billId=PRC_E2V2Q1L2R1D9L0S9A3L5W0P2B6U4E1,환경
전세사기피해자 지원 및 주거안정에 관한 특별법안(대안)(국토교통위원장),국토교통위원회,원안가결,272.0,243.0,5.0,24.0,2023-05-25,2023-05-24,2023-05-25,2023-05-26,2023-06-01,https://likms.assembly.go.kr/bill/billDetail.do?billId=PRC_G2N3G0Y5U2W2R1Q6T0K7L5D1Q1A9V1,교통
공인중개사법 일부개정법률안(대안)(국토교통위원장),국토교통위원회,원안가결,272.0,270.0,,2.0,2023-05-25,2023-05-24,2023-05-25,2023-05-26,2023-06-01,https://likms.assembly.go.kr/bill/billDetail.do?billId=PRC_G2W3M0G5E2X2W1S6H0F9Y4B2W1N3M5,교통
지방자치분권 및 지역균형발전에 관한 특별법안(대안)(행정안전위원장),행정안전위원회,원안가결,256.0,254.0,,2.0,2023-05-25,2023-03-22,2023-05-25,2023-06-02,2023-06-09,https://likms.assembly.go.kr/bill/billDetail.do?billId=PRC_H2F3G0T3H2W1Z1E4M5P7P4J1N6F9H2,경제
방위사업법 일부개정법률안(대안)(국방위원장),국방위원회,원안가결,224.0,224.0,,,2023-05-25,2022-11-18,2023-05-25,2023-06-09,2023-06-20,https://likms.assembly.go.kr/bill/billDetail.do?billId=PRC_H2U2B1W1U1Q7L1E6O4U9A0E8U6J3I0,국방
박물관 및 미술관 진흥법 일부개정법률안(대안)(문화체육관광위원장),문화체육관광위원회,원안가결,211.0,207.0,,4.0,2023-05-25,2021-03-24,2023-05-25,2023-06-09,2023-06-20,https://likms.assembly.go.kr/bill/billDetail.do?billId=PRC_I2O1W0Z3I2F3H1I6T0A0K0C4S7V8C5,사회
가맹사업거래의 공정화에 관한 법률 일부개정법률안(대안)(정무위원장),정무위원회,원안가결,218.0,216.0,,2.0,2023-05-25,2022-12-05,2023-05-25,2023-06-09,2023-06-20,https://likms.assembly.go.kr/bill/billDetail.do?billId=PRC_I2T2K1D1D2U3F1Z7D4A2B3Y5N2U0Q3,경제
지방공기업법 일부개정법률안(대안)(행정안전위원장),행정안전위원회,원안가결,244.0,244.0,,,2023-05-25,2023-02-24,2023-05-25,2023-06-02,2023-06-13,https://likms.assembly.go.kr/bill/billDetail.do?billId=PRC_L2W3E0Y2J2G3O1H9I1V4A3I9E4Y9O9,경제
군인사법 일부개정법률안(대안)(국방위원장),국방위원회,원안가결,224.0,222.0,,2.0,2023-05-25,2023-03-23,2023-05-25,2023-06-09,2023-06-20,https://likms.assembly.go.kr/bill/billDetail.do?billId=PRC_L2X3W0F3N0L8G1S2Y1A7I1U8A7E8H0,인권
의료사고 피해구제 및 의료분쟁 조정 등에 관한 법률 일부개정법률안(대안)(보건복지위원장),보건복지위원회,원안가결,178.0,171.0,,7.0,2023-05-25,2022-12-09,2023-05-25,2023-06-02,2023-06-13,https://likms.assembly.go.kr/bill/billDetail.do?billId=PRC_N2B2Z1U2V0W8Z1S1G0E8P3M4G2C6U6,사회
독점규제 및 공정거래에 관한 법률 일부개정법률안(대안)(정무위원장),정무위원회,원안가결,226.0,224.0,,2.0,2023-05-25,2022-12-05,2023-05-25,2023-06-09,2023-06-20,https://likms.assembly.go.kr/bill/billDetail.do?billId=PRC_N2O2G1X1O2P4D1D1Q4E6S2B7Y1N8B3,경제
대규모유통업에서의 거래 공정화에 관한 법률 일부개정법률안(대안)(정무위원장),정무위원회,원안가결,223.0,221.0,,2.0,2023-05-25,2022-12-05,2023-05-25,2023-06-09,2023-06-20,https://likms.assembly.go.kr/bill/billDetail.do?billId=PRC_O2H2P1H1E2O3I1M1Z4X3D5Y9C9M3A6,경제
국민체육진흥법 일부개정법률안(대안)(문화체육관광위원장),문화체육관광위원회,원안가결,214.0,212.0,,2.0,2023-05-25,2022-12-09,2023-05-25,2023-06-09,2023-06-20,https://likms.assembly.go.kr/bill/billDetail.do?billId=PRC_T2C2V1K2A0G9H0W8P5R7M1D6C1U7W1,사회
공직자윤리법 일부개정법률안(대안)(행정안전위원장),행정안전위원회,원안가결,268.0,268.0,,,2023-05-25,2023-05-24,2023-05-25,2023-06-02,2023-06-13,https://likms.assembly.go.kr/bill/billDetail.do?billId=PRC_U2N3I0N5Q2S3F1O4X2A1R0N4H4W2Y5,사회
산림조합법 일부개정법률안(대안)(농림축산식품해양수산위원장),농림축산식품해양수산위원회,원안가결,204.0,193.0,,11.0,2023-05-25,2022-04-26,2023-05-25,2023-06-09,2023-06-20,https://likms.assembly.go.kr/bill/billDetail.do?billId=PRC_X2Y2P0K4F2G5J1F5X0L3O0G4M3N8T2,환경
강원특별자치도 설치 등에 관한 특별법 전부개정법률안(대안)(행정안전위원장),행정안전위원회,원안가결,238.0,171.0,25.0,42.0,2023-05-25,2023-05-24,2023-05-25,2023-05-26,2023-06-07,https://likms.assembly.go.kr/bill/billDetail.do?billId=PRC_Y2H3Z0D5F2C4Y1W6Z1Z3U3R1B3A1V0,사회
주식회사 등의 외부감사에 관한 법률 일부개정법률안(하태경의원 등 13인),정무위원회,철회,,,,,2023-05-18,,2023-06-27,,,https://likms.assembly.go.kr/bill/billDetail.do?billId=PRC_P2W3X0V5W1U2V1T2U5P8Q0O2M8N0L6,경제
영유아보육법 일부개정법률안(송재호의원 등 12인),보건복지위원회,철회,,,,,2023-05-18,,2023-06-23,,,https://likms.assembly.go.kr/bill/billDetail.do?billId=PRC_S2R3Q0R5P0E4D1C4C3R8P0L9K5I6J1,사회
감염병의 예방 및 관리에 관한 법률 일부개정법률안(대안)(보건복지위원장),보건복지위원회,원안가결,183.0,183.0,,,2023-05-18,2023-02-24,2023-05-25,2023-06-02,2023-06-13,https://likms.assembly.go.kr/bill/billDetail.do?billId=PRC_A2W3X0P2T1K6K1T1B0M7C4R7B0F4J8,사회
희귀질환관리법 일부개정법률안(대안)(보건복지위원장),보건복지위원회,원안가결,193.0,191.0,,2.0,2023-05-18,2023-02-24,2023-05-25,2023-06-02,2023-06-13,https://likms.assembly.go.kr/bill/billDetail.do?billId=PRC_B2N3L0Z2D1Z6E1K0A5D5A4M3J5C6W8,사회
노인복지법 일부개정법률안(대안)(보건복지위원장),보건복지위원회,원안가결,187.0,187.0,,,2023-05-18,2023-03-23,2023-05-25,2023-06-02,2023-06-13,https://likms.assembly.go.kr/bill/billDetail.do?billId=PRC_C2T3V0S3Y2B2N1R5Y5R5B2W8T5F8G5,사회
국민건강증진법 일부개정법률안(대안)(보건복지위원장),보건복지위원회,원안가결,184.0,183.0,,1.0,2023-05-18,2023-03-23,2023-05-25,2023-06-02,2023-06-13,https://likms.assembly.go.kr/bill/billDetail.do?billId=PRC_I2A3Z0F3E2R2I1C5D5D9L0I6P2N4C7,사회
위생용품 관리법 일부개정법률안(대안)(보건복지위원장),보건복지위원회,원안가결,193.0,189.0,,4.0,2023-05-18,2023-02-24,2023-05-25,2023-06-02,2023-06-13,https://likms.assembly.go.kr/bill/billDetail.do?billId=PRC_J2K2R1S2Z2W3L1B0K3F3J2Q1W6B5G1,사회
국민연금법 일부개정법률안(대안)(보건복지위원장),보건복지위원회,원안가결,186.0,184.0,,2.0,2023-05-18,2023-02-24,2023-05-25,2023-06-02,2023-06-13,https://likms.assembly.go.kr/bill/billDetail.do?billId=PRC_J2V3Y0Y2F1T6S1U1V0B2H0Y5C7X0L5,경제
장애아동 복지지원법 일부개정법률안(대안)(보건복지위원장),보건복지위원회,원안가결,185.0,185.0,,,2023-05-18,2023-02-24,2023-05-25,2023-06-02,2023-06-13,https://likms.assembly.go.kr/bill/billDetail.do?billId=PRC_L2J3L0R2Z1F6E1X1V0L1Y0L1U1F5D7,사회
식품 등의 표시ㆍ광고에 관한 법률 일부개정법률안(대안)(보건복지위원장),보건복지위원회,원안가결,183.0,183.0,,,2023-05-18,2023-02-24,2023-05-25,2023-06-02,2023-06-13,https://likms.assembly.go.kr/bill/billDetail.do?billId=PRC_M2H3K0K2F1D6Y1J1J0M6W5C7B4L4L1,경제
마약류 관리에 관한 법률 일부개정법률안(대안)(보건복지위원장),보건복지위원회,원안가결,196.0,196.0,,,2023-05-18,2023-02-24,2023-05-25,2023-06-02,2023-06-13,https://likms.assembly.go.kr/bill/billDetail.do?billId=PRC_S2Y2Y1A2P2T3Q1G0R5P4G3S4C1P3D4,사회
장애인 건강권 및 의료접근성 보장에 관한 법률 일부개정법률안(대안)(보건복지위원장),보건복지위원회,원안가결,181.0,177.0,,4.0,2023-05-18,2023-02-24,2023-05-25,2023-06-02,2023-06-13,https://likms.assembly.go.kr/bill/billDetail.do?billId=PRC_U2S3C0T2C1V6Q1L0U5D9J0F3B3P7A1,인권
국민건강보험법 일부개정법률안(대안)(보건복지위원장),보건복지위원회,원안가결,186.0,185.0,,1.0,2023-05-18,2023-03-23,2023-05-25,2023-06-02,2023-06-13,https://likms.assembly.go.kr/bill/billDetail.do?billId=PRC_Y2P3V0U3V2M2Y1M5M5C7T2D8Q3X5Q7,사회
감염병의 예방 및 관리에 관한 법률 일부개정법률안(강기윤의원 등 10인),보건복지위원회,원안가결,207.0,206.0,,1.0,2023-05-17,2023-06-29,2023-07-18,2023-07-28,2023-08-08,https://likms.assembly.go.kr/bill/billDetail.do?billId=PRC_L2L3J0K5S1T0R1S5Q0O0P4E6F9D2D2,사회
수산자원관리법 일부개정법률안(대안)(농림축산식품해양수산위원장),농림축산식품해양수산위원회,원안가결,205.0,203.0,,2.0,2023-05-17,2023-03-23,2023-05-25,2023-06-09,2023-06-20,https://likms.assembly.go.kr/bill/billDetail.do?billId=PRC_D2E3E0W3T2U1D1L4O0T3T4T9H3W5E7,환경
항만운송사업법 일부개정법률안(대안)(농림축산식품해양수산위원장),농림축산식품해양수산위원회,원안가결,200.0,200.0,,,2023-05-17,2023-03-23,2023-05-25,2023-06-09,2023-06-20,https://likms.assembly.go.kr/bill/billDetail.do?billId=PRC_E2E3L0I3N2A1T1W4H0J5O1D5O9T7N0,교통
분산에너지 활성화 특별법안(대안)(산업통상자원중소벤처기업위원장),산업통상자원중소벤처기업위원회,원안가결,213.0,191.0,5.0,17.0,2023-05-17,2023-03-23,2023-05-25,2023-06-02,2023-06-13,https://likms.assembly.go.kr/bill/billDetail.do?billId=PRC_F2D3V0O3M2J1U1A7J3Z5W2F5C5E4S2,경제
산림문화·휴양에 관한 법률 일부개정법률안(대안)(농림축산식품해양수산위원장),농림축산식품해양수산위원회,원안가결,193.0,188.0,1.0,4.0,2023-05-17,2023-03-16,2023-05-25,2023-06-09,2023-06-20,https://likms.assembly.go.kr/bill/billDetail.do?billId=PRC_F2S3I0X3P1K4S1L1M3L8O1G4I3V6D8,환경
산림자원의 조성 및 관리에 관한 법률 일부개정법률안(대안)(농림축산식품해양수산위원장),농림축산식품해양수산위원회,원안가결,200.0,196.0,,4.0,2023-05-17,2023-03-16,2023-05-25,2023-06-09,2023-06-20,https://likms.assembly.go.kr/bill/billDetail.do?billId=PRC_K2A3E0L3M1X4V1C1Z3R8I4D5Z5Y6K8,환경
벤처투자 촉진에 관한 법률  일부개정법률안(대안)(산업통상자원중소벤처기업위원장),산업통상자원중소벤처기업위원회,원안가결,190.0,189.0,,1.0,2023-05-17,2023-03-23,2023-05-25,2023-06-09,2023-06-20,https://likms.assembly.go.kr/bill/billDetail.do?billId=PRC_N2O3A0W3K2I1U1C7P3V6W3N8E6N7X4,경제
동물보호법 일부개정법률안(대안)(농림축산식품해양수산위원장),농림축산식품해양수산위원회,원안가결,190.0,188.0,,2.0,2023-05-17,2023-03-16,2023-05-25,2023-06-09,2023-06-20,https://likms.assembly.go.kr/bill/billDetail.do?billId=PRC_O2V3S0V3Z1Y4M1U1O3L7O3Z4I5S9P5,환경
수산생물질병 관리법 일부개정법률안(대안)(농림축산식품해양수산위원장),농림축산식품해양수산위원회,원안가결,201.0,198.0,,3.0,2023-05-17,2023-03-23,2023-05-25,2023-06-09,2023-06-20,https://likms.assembly.go.kr/bill/billDetail.do?billId=PRC_R2W3X0A3P2L1E1T4R0O2G0L6M0Y1R3,환경
한국마사회법 일부개정법률안(대안)(농림축산식품해양수산위원장),농림축산식품해양수산위원회,원안가결,193.0,174.0,13.0,6.0,2023-05-17,2023-03-23,2023-05-25,2023-06-09,2023-06-20,https://likms.assembly.go.kr/bill/billDetail.do?billId=PRC_S2G3F0D3Y1P4N1W1K3A6C1W6O2K6G7,경제
디자인보호법 일부개정법률안(대안)(산업통상자원중소벤처기업위원장),산업통상자원중소벤처기업위원회,원안가결,210.0,207.0,,3.0,2023-05-17,2023-02-21,2023-05-25,2023-06-09,2023-06-20,https://likms.assembly.go.kr/bill/billDetail.do?billId=PRC_V2P3E0J2M2C0E1N8A5U1E5D6L2Z4A3,경제
산업기술혁신 촉진법 일부개정법률안(대안)(산업통상자원중소벤처기업위원장),산업통상자원중소벤처기업위원회,원안가결,205.0,201.0,,4.0,2023-05-17,2023-02-21,2023-05-25,2023-06-09,2023-06-20,https://likms.assembly.go.kr/bill/billDetail.do?billId=PRC_V2Y3Q0T2Z2J0Q1D8Y5I1H2V4Q3V5Z1,경제
소재ㆍ부품ㆍ장비산업 경쟁력강화를 위한 특별조치법 일부개정법률안(대안)(산업통상자원중소벤처기업위원장),산업통상자원중소벤처기업위원회,원안가결,211.0,209.0,,2.0,2023-05-17,2023-02-21,2023-05-25,2023-06-02,2023-06-13,https://likms.assembly.go.kr/bill/billDetail.do?billId=PRC_Y2C3V0Q2H2N0W1L8E5W0A4Y6K0P1S8,경제
농어업재해대책법 일부개정법률안(정희용의원 등 10인),농림축산식품해양수산위원회,수정가결,214.0,214.0,,,2023-05-12,2023-08-24,2023-10-06,2023-10-13,2023-10-24,https://likms.assembly.go.kr/bill/billDetail.do?billId=PRC_F2G3F0N4M1L7J1K6S3M0U2T7R8Q1Y4,노동
지방세특례제한법 일부개정법률안(이만희의원 등 11인),행정안전위원회,수정가결,268.0,268.0,,,2023-05-11,2023-05-24,2023-05-25,2023-05-26,2023-06-01,https://likms.assembly.go.kr/bill/billDetail.do?billId=PRC_E2F3D0Z5A1Y0Y1W6X0W9W0E6E4D0B0,경제
방송문화진흥회법 일부개정법률안(대안)(과학기술정보방송통신위원장),과학기술정보방송통신위원회,원안가결,175.0,175.0,,,2023-04-28,2022-12-02,2023-11-09,2023-11-17,,https://likms.assembly.go.kr/bill/billDetail.do?billId=PRC_B2T2B1N1H3J0I1N3E4D7D0I7S4P7U0,사회
한국교육방송공사법 일부개정법률안(대안)(과학기술정보방송통신위원장),과학기술정보방송통신위원회,원안가결,176.0,176.0,,,2023-04-28,2022-12-02,2023-11-09,2023-11-17,,https://likms.assembly.go.kr/bill/billDetail.do?billId=PRC_U2U2N1H1O3Z0Q1B4V1V2N0J1D8X3H6,사회
방송법 일부개정법률안(대안)(과학기술정보방송통신위원장),과학기술정보방송통신위원회,원안가결,176.0,176.0,,,2023-04-28,2022-12-02,2023-11-09,2023-11-17,,https://likms.assembly.go.kr/bill/billDetail.do?billId=PRC_U2Z2K1H1X3V0F1T3X5R8R2D7T0M2P3,사회
국민건강보험법 일부개정법률안(대안)(보건복지위원장),보건복지위원회,원안가결,229.0,229.0,,,2023-04-26,2023-02-24,2023-06-21,2023-06-30,2023-07-11,https://likms.assembly.go.kr/bill/billDetail.do?billId=PRC_R2K3C0U2Z1D6L1E0M5U4A5D0E5W1K2,사회
지방세기본법 일부개정법률안(대안)(행정안전위원장),행정안전위원회,원안가결,281.0,281.0,,,2023-04-26,2023-04-25,2023-04-27,2023-04-28,2023-05-04,https://likms.assembly.go.kr/bill/billDetail.do?billId=PRC_B2Z3X0T4K2Z5E1J0L5E3R5Z8W9B1T7,경제
전기통신금융사기 피해 방지 및 피해금 환급에 관한 특별법 일부개정법률안(대안)(정무위원장),정무위원회,원안가결,236.0,236.0,,,2023-04-26,2023-02-21,2023-04-27,2023-05-04,2023-05-16,https://likms.assembly.go.kr/bill/billDetail.do?billId=PRC_I2K3S0V2B1B0K1E5I1N0E3N1Y7V2V3,경제
가덕도신공항 건설을 위한 특별법 일부개정법률안(대안)(국토교통위원장),국토교통위원회,원안가결,236.0,217.0,1.0,18.0,2023-04-26,2023-03-23,2023-04-27,2023-05-04,2023-05-16,https://likms.assembly.go.kr/bill/billDetail.do?billId=PRC_K2H3O0Z3N2K2N1A8I0Z7Y3X8Y8Z5H3,교통
재난 및 안전관리 기본법 일부개정법률안(대안)(행정안전위원장),행정안전위원회,원안가결,283.0,282.0,,1.0,2023-04-26,2023-02-24,2023-04-27,2023-05-04,2023-05-16,https://likms.assembly.go.kr/bill/billDetail.do?billId=PRC_L2Q3A0C2S2X3P1A9S3A6M3V2M1X4Q7,환경
재외동포기본법안(대안)(외교통일위원장),외교통일위원회,원안가결,252.0,252.0,,,2023-04-26,2023-04-12,2023-04-27,2023-04-28,2023-05-09,https://likms.assembly.go.kr/bill/billDetail.do?billId=PRC_U2Q3N0W4E1R2S0P9F4D8B3N4Z3F8M8,사회
중소기업 사업전환 촉진에 관한 특별법 일부개정법률안(대안)(산업통상자원중소벤처기업위원장),산업통상자원중소벤처기업위원회,원안가결,261.0,260.0,,1.0,2023-04-26,2023-03-23,2023-04-27,2023-05-04,2023-05-16,https://likms.assembly.go.kr/bill/billDetail.do?billId=PRC_U2Y3P0X3T2G1H1Q7U3R7U1K0P7C9K1,경제
방위사업법 일부개정법률안(대안)(국방위원장),국방위원회,원안가결,255.0,231.0,4.0,20.0,2023-04-26,2023-04-06,2023-04-27,2023-05-04,2023-05-16,https://likms.assembly.go.kr/bill/billDetail.do?billId=PRC_W2F3X0K4M0L5V0K9A3J1G2J9J7J3X1,국방
행정기관 소속 위원회의 설치·운영에 관한 법률 일부개정법률안(대안)(행정안전위원장),행정안전위원회,원안가결,278.0,270.0,,8.0,2023-04-26,2023-02-24,2023-04-27,2023-05-04,2023-05-16,https://likms.assembly.go.kr/bill/billDetail.do?billId=PRC_X2Q3M0D2D2G3W1E9N1L5R0K8X3Y2O2,사회
벤처기업육성에 관한 특별조치법 일부개정법률안(대안)(산업통상자원중소벤처기업위원장),산업통상자원중소벤처기업위원회,원안가결,260.0,173.0,44.0,43.0,2023-04-26,2021-12-02,2023-04-27,2023-05-04,2023-05-16,https://likms.assembly.go.kr/bill/billDetail.do?billId=PRC_Z2D1Y1S1M2W4B1B7K1F3V2P3V5C0J5,경제
군사법원법 일부개정법률안(김도읍의원 등 10인),법제사법위원회,원안가결,226.0,223.0,,3.0,2023-04-21,2023-09-21,2023-10-06,2023-10-13,2023-10-24,https://likms.assembly.go.kr/bill/billDetail.do?billId=PRC_M2K3J0K4J1R7P1O1M2C9D0C3A6Z6O1,군사
병역법 일부개정법률안(양정숙의원 등 10인),,철회,,,,,2023-04-17,,2023-04-18,,,https://likms.assembly.go.kr/bill/billDetail.do?billId=PRC_P2G2V1I2G1P5D0Y9U0A3O5C9L7P3Y7,교통
광주 군 공항 이전 및 종전부지 개발 등에 관한 특별법안(대안)(국방위원장),국방위원회,원안가결,256.0,245.0,3.0,8.0,2023-04-13,2023-04-06,2023-04-13,2023-04-17,2023-04-25,https://likms.assembly.go.kr/bill/billDetail.do?billId=PRC_G2P3A0Z4Q0T5U1G4X3M0A0X4B7V1G5,교통
대구경북통합신공항 건설을 위한 특별법안(대안)(국토교통위원장),국토교통위원회,원안가결,254.0,228.0,9.0,17.0,2023-04-13,2023-03-23,2023-04-13,2023-04-17,2023-04-25,https://likms.assembly.go.kr/bill/billDetail.do?billId=PRC_R2J3U0V3P2G2H1L8T0X6O2Y3I3R6O7,교통
조세특례제한법 일부개정법률안(최형두의원 등 11인),기획재정위원회,철회,,,,,2023-04-03,,2023-04-10,,,https://likms.assembly.go.kr/bill/billDetail.do?billId=PRC_M2L3K0I3R2P7O1M1N2W2V3T6S7O0N2,경제
종합부동산세법 일부개정법률안(최형두의원 등 11인),기획재정위원회,철회,,,,,2023-04-03,,2023-04-10,,,https://likms.assembly.go.kr/bill/billDetail.do?billId=PRC_Z2H3G0F3D2A7A1Z1H2G3O0N3M5K6L4,경제
수소경제 육성 및 수소 안전관리에 관한 법률 일부개정법률안(전해철의원 등 12인),산업통상자원중소벤처기업위원회,수정가결,213.0,204.0,2.0,7.0,2023-03-30,2023-07-05,2023-10-06,2023-10-20,2023-10-31,https://likms.assembly.go.kr/bill/billDetail.do?billId=PRC_F2D3C0B3J2H3G1H7G3O0M0L8M3P5O3,경제
종합부동산세법 일부개정법률안(대안)(기획재정위원장),기획재정위원회,원안가결,233.0,214.0,2.0,17.0,2023-03-29,2023-03-22,2023-03-30,2023-04-07,2023-04-18,https://likms.assembly.go.kr/bill/billDetail.do?billId=PRC_F2H3X0S3F2Z1T1S0I0W0X1F5G1Y9M5,경제
조세특례제한법 일부개정법률안(대안)(기획재정위원장),기획재정위원회,원안가결,231.0,179.0,13.0,39.0,2023-03-29,2023-03-22,2023-03-30,2023-03-31,2023-04-11,https://likms.assembly.go.kr/bill/billDetail.do?billId=PRC_G2R3W0S3I2P1M1M0K0C4H2N8E7M8F8,경제
하도급거래 공정화에 관한 법률 일부개정법률안(대안)(정무위원장),정무위원회,원안가결,265.0,262.0,,3.0,2023-03-28,2023-02-20,2023-06-30,2023-07-07,2023-07-18,https://likms.assembly.go.kr/bill/billDetail.do?billId=PRC_E2G3E0Q2Q0V9Z0L9L5F8W3T2E4A3X9,경제
사법경찰관리의 직무를 수행할 자와 그 직무범위에 관한 법률 일부개정법률안(서일준의원 등 11인),법제사법위원회,철회,,,,,2023-03-28,,2023-04-12,,,https://likms.assembly.go.kr/bill/billDetail.do?billId=PRC_Q2M2N1K1V2N3M1X0J3J4Q4A8R8S3F1,노동
중견기업 성장촉진 및 경쟁력 강화에 관한 특별법 일부개정법률안(대안)(산업통상자원중소벤처기업위원장),산업통상자원중소벤처기업위원회,원안가결,214.0,213.0,,1.0,2023-03-28,2023-03-23,2023-03-30,2023-04-07,2023-04-18,https://likms.assembly.go.kr/bill/billDetail.do?billId=PRC_E2V3L0C3M2P1Q1B7A3L5M5K8W5Q4Z3,경제
빈집 및 소규모주택 정비에 관한 특례법 일부개정법률안(대안)(국토교통위원장),국토교통위원회,원안가결,210.0,207.0,,3.0,2023-03-28,2023-02-24,2023-03-30,2023-04-07,2023-04-18,https://likms.assembly.go.kr/bill/billDetail.do?billId=PRC_G2V3R0Z2K2E3C1L5N4T6Y2W1T3Y0V3,교통
공익사업을 위한 토지 등의 취득 및 보상에 관한 법률 일부개정법률안(대안)(국토교통위원장),국토교통위원회,원안가결,210.0,209.0,,1.0,2023-03-28,2023-02-15,2023-03-30,2023-04-07,2023-04-18,https://likms.assembly.go.kr/bill/billDetail.do?billId=PRC_H2F3H0D2Y1P4A1H1Q5F3V3I6G0J6M5,교통
공항소음 방지 및 소음대책지역 지원에 관한 법률 일부개정법률안(대안)(국토교통위원장),국토교통위원회,원안가결,187.0,187.0,,,2023-03-28,2023-02-15,2023-03-30,2023-04-07,2023-04-18,https://likms.assembly.go.kr/bill/billDetail.do?billId=PRC_I2C3H0T2P1C4C1X4P0Z2F5H2S9Z9B3,환경
건설기계관리법 일부개정법률안(대안)(국토교통위원장),국토교통위원회,원안가결,200.0,199.0,,1.0,2023-03-28,2023-02-15,2023-03-30,2023-04-07,2023-04-18,https://likms.assembly.go.kr/bill/billDetail.do?billId=PRC_N2A3F0T2L1E4T1D1N5S0S2C6M7J7I0,교통
공공주택 특별법 일부개정법률안(대안)(국토교통위원장),국토교통위원회,원안가결,200.0,190.0,1.0,9.0,2023-03-28,2023-02-15,2023-03-30,2023-04-07,2023-04-18,https://likms.assembly.go.kr/bill/billDetail.do?billId=PRC_N2L3P0L2O1A4G1L1H5F9H0N0Y6L9D8,교통
철도안전법 일부개정법률안(대안)(국토교통위원장),국토교통위원회,원안가결,204.0,202.0,,2.0,2023-03-28,2023-02-15,2023-03-30,2023-04-07,2023-04-18,https://likms.assembly.go.kr/bill/billDetail.do?billId=PRC_N2X3B0Q2U1P4S1Y4G0A9V5R1O2P8T1,교통
모빌리티 혁신 및 활성화 지원에 관한 법률안(대안)(국토교통위원장),국토교통위원회,원안가결,196.0,193.0,,3.0,2023-03-28,2023-02-15,2023-03-30,2023-04-07,2023-04-18,https://likms.assembly.go.kr/bill/billDetail.do?billId=PRC_P2W3L0Z2Y1J4Y1B4C3Z2H2H6S6T3O5,교통
소프트웨어 진흥법 일부개정법률안(대안)(과학기술정보방송통신위원장),과학기술정보방송통신위원회,원안가결,220.0,216.0,,4.0,2023-03-28,2023-03-21,2023-03-30,2023-04-07,2023-04-18,https://likms.assembly.go.kr/bill/billDetail.do?billId=PRC_R2A3D0U3M1O7M1K6W3X9S5X8M3G1A8,경제
부동산 거래신고 등에 관한 법률 일부개정법률안(대안)(국토교통위원장),국토교통위원회,원안가결,199.0,199.0,,,2023-03-28,2023-02-24,2023-03-30,2023-04-07,2023-04-18,https://likms.assembly.go.kr/bill/billDetail.do?billId=PRC_R2Y3O0A2V2R3X1V5K2G8G1E5F8X9B1,교통
학원의 설립·운영 및 과외교습에 관한 법률 일부개정법률안(대안)(교육위원장),교육위원회,원안가결,225.0,220.0,,5.0,2023-03-28,2023-02-27,2023-03-30,2023-04-07,2023-04-18,https://likms.assembly.go.kr/bill/billDetail.do?billId=PRC_S2U3J0L2U2B7P1G2C2X8G4O1T7E7P0,교육
가덕도신공항 건설을 위한 특별법 일부개정법률안(대안)(국토교통위원장),국토교통위원회,원안가결,195.0,177.0,8.0,10.0,2023-03-28,2023-02-24,2023-03-30,2023-04-07,2023-04-18,https://likms.assembly.go.kr/bill/billDetail.do?billId=PRC_T2J3Z0B2S2K3O1W5O4O7W4F3Q2U1K2,교통
주택임대차보호법 일부개정법률안(대안)(법제사법위원장),법제사법위원회,원안가결,232.0,230.0,,2.0,2023-03-28,2023-03-27,2023-03-30,2023-04-07,2023-04-18,https://likms.assembly.go.kr/bill/billDetail.do?billId=PRC_T2W3C0B3B2D4V1X6L2E8L0B6Z5K1O3,경제
직업교육훈련 촉진법 일부개정법률안(대안)(교육위원장),교육위원회,원안가결,228.0,228.0,,,2023-03-28,2023-02-27,2023-03-30,2023-04-07,2023-04-18,https://likms.assembly.go.kr/bill/billDetail.do?billId=PRC_T2W3T0I2J2N7W1B2W4G5Q4L5I3W6S1,노동
전통시장 및 상점가 육성을 위한 특별법 일부개정법률안(대안)(산업통상자원중소벤처기업위원장),산업통상자원중소벤처기업위원회,원안가결,214.0,210.0,1.0,3.0,2023-03-28,2023-02-16,2023-03-30,2023-04-07,2023-04-18,https://likms.assembly.go.kr/bill/billDetail.do?billId=PRC_U2H3Q0A2S1Y4Q1C6Y3X9X2I9M3N7M2,경제
벤처투자 촉진에 관한 법률  일부개정법률안(대안)(산업통상자원중소벤처기업위원장),산업통상자원중소벤처기업위원회,원안가결,214.0,202.0,,12.0,2023-03-28,2023-02-16,2023-03-30,2023-04-07,2023-04-18,https://likms.assembly.go.kr/bill/billDetail.do?billId=PRC_V2K3H0P2K1Z4N1I6V3U8Q4J7C6W9N2,경제
공인중개사법 일부개정법률안(대안)(국토교통위원장),국토교통위원회,원안가결,207.0,201.0,,6.0,2023-03-28,2023-02-24,2023-03-30,2023-04-07,2023-04-18,https://likms.assembly.go.kr/bill/billDetail.do?billId=PRC_V2U3G0F2A2X3E1X5F3G1U3X2Z5P5O2,교통
약사법 일부개정법률안(대안)(보건복지위원장),보건복지위원회,원안가결,217.0,213.0,,4.0,2023-03-28,2022-12-09,2023-03-30,2023-04-07,2023-04-18,https://likms.assembly.go.kr/bill/billDetail.do?billId=PRC_W2P2S1X2N0F8R1S0F5A3U1S4R0B9W0,사회
환경오염피해 배상책임 및 구제에 관한 법률 일부개정법률안(대안)(환경노동위원장),환경노동위원회,원안가결,214.0,206.0,,8.0,2023-03-28,2022-12-01,2023-03-30,2023-04-07,2023-04-18,https://likms.assembly.go.kr/bill/billDetail.do?billId=PRC_Y2D2F1A1Y3B0F0K9B4B8M4Q4Z2Q3C9,환경
평생교육법 일부개정법률안(대안)(교육위원장),교육위원회,원안가결,226.0,223.0,,3.0,2023-03-28,2022-11-28,2023-03-30,2023-04-07,2023-04-18,https://likms.assembly.go.kr/bill/billDetail.do?billId=PRC_Y2X2Y1U1B2L8W1N0U3I1O0W5B6X8L8,사회
도로교통법 일부개정법률안(대안)(행정안전위원장),행정안전위원회,원안가결,219.0,218.0,,1.0,2023-03-28,2023-02-24,2023-03-30,2023-04-07,2023-04-18,https://likms.assembly.go.kr/bill/billDetail.do?billId=PRC_Z2P3T0G2Z2M3V1Q9Y4N5J1V4O6X8L2,교통
국민건강보험법 일부개정법률안(대안)(보건복지위원장),보건복지위원회,원안가결,176.0,171.0,,5.0,2023-03-24,2021-11-25,2023-04-27,2023-05-04,2023-05-19,https://likms.assembly.go.kr/bill/billDetail.do?billId=PRC_B2L1X1H1G2Q4W2Z0C1B6H5T8U3C5P8,인권
의료법 일부개정법률안(대안)(보건복지위원장),보건복지위원회,원안가결,177.0,154.0,1.0,22.0,2023-03-24,2021-02-19,2023-04-27,2023-05-04,2023-05-19,https://likms.assembly.go.kr/bill/billDetail.do?billId=PRC_L2Z1L0Z2S1G8P2H1S0A0X0D5M2R2R2,인권
감염병의 예방 및 관리에 관한 법률 일부개정법률안(대안)(보건복지위원장),보건복지위원회,원안가결,177.0,177.0,,,2023-03-24,2021-06-16,2023-04-27,2023-05-04,2023-05-19,https://likms.assembly.go.kr/bill/billDetail.do?billId=PRC_M2H1V0U6W1Z1Q1Z1H1F4N3I2S2V7R6,사회
국민기초생활 보장법 일부개정법률안(전혜숙의원 등 10인),보건복지위원회,원안가결,233.0,232.0,,1.0,2023-03-23,2023-04-27,2023-07-27,2023-08-04,2023-08-16,https://likms.assembly.go.kr/bill/billDetail.do?billId=PRC_B2A3Y0X3F1G5F1E1M1L4M0K3J6R4P2,인권
새마을금고법 일부개정법률안(대안)(행정안전위원장),행정안전위원회,원안가결,272.0,271.0,,1.0,2023-03-22,2023-02-24,2023-03-23,2023-03-31,2023-04-11,https://likms.assembly.go.kr/bill/billDetail.do?billId=PRC_A2Z3Y0E2X2J3L1I9I1Y4T0Y9Y9M6X1,경제
공직선거법 일부개정법률안(대안)(행정안전위원장),행정안전위원회,원안가결,269.0,265.0,,4.0,2023-03-22,2023-02-24,2023-03-23,2023-03-24,2023-03-29,https://likms.assembly.go.kr/bill/billDetail.do?billId=PRC_I2I3Q0R2J2T3P1F9N4S3X1W7N2K1C7,사회
지방재정법 일부개정법률안(대안)(행정안전위원장),행정안전위원회,원안가결,266.0,251.0,2.0,13.0,2023-03-22,2023-02-24,2023-03-23,2023-03-31,2023-04-11,https://likms.assembly.go.kr/bill/billDetail.do?billId=PRC_J2Q3Y0W2A2J3I1W9J1D8F3Z9R7Y5G6,경제
아동·청소년의 성보호에 관한 법률 일부개정법률안(대안)(여성가족위원장),여성가족위원회,원안가결,264.0,262.0,,2.0,2023-03-22,2023-02-23,2023-03-23,2023-03-31,2023-04-11,https://likms.assembly.go.kr/bill/billDetail.do?billId=PRC_P2E3E0V2Y1Z5O1B9V3G9N1C6I8T3T0,사회
국가공무원법 일부개정법률안(대안)(행정안전위원장),행정안전위원회,원안가결,269.0,268.0,,1.0,2023-03-22,2023-02-24,2023-03-23,2023-03-31,2023-04-11,https://likms.assembly.go.kr/bill/billDetail.do?billId=PRC_W2A3M0S2W2F3A1C9D4P3E4M9A9Y6D9,노동
가사근로자의 고용개선 등에 관한 법률 일부개정법률안(조정훈의원 등 11인),,철회,,,,,2023-03-21,,2023-03-22,,,https://likms.assembly.go.kr/bill/billDetail.do?billId=PRC_W2M3B0H1S1B9H1X3U5F6N5Z5G6B2W1,노동
탄소흡수원 유지 및 증진에 관한 법률 일부개정법률안(김승남의원등12인),농림축산식품해양수산위원회,수정가결,219.0,180.0,10.0,29.0,2023-03-07,2023-04-24,2023-07-27,2023-08-04,2023-08-16,https://likms.assembly.go.kr/bill/billDetail.do?billId=PRC_G2O3P0O3M0L6T1S0T3R4Q2Y8T4S2A2,환경
건설폐기물의 재활용촉진에 관한 법률 일부개정법률안(전해철의원 등 10인),환경노동위원회,철회,,,,,2023-03-06,,2023-03-15,,,https://likms.assembly.go.kr/bill/billDetail.do?billId=PRC_C2B3A0I2G2E4N1M6N0M0M2S0R5Q5Z1,환경
민간임대주택에 관한 특별법 일부개정법률안(허종식의원 등 11인),국토교통위원회,수정가결,270.0,270.0,,,2023-02-27,2023-05-24,2023-05-25,2023-05-26,2023-06-01,https://likms.assembly.go.kr/bill/billDetail.do?billId=PRC_W2V3R0O2T1S7P1Y5W2V9T5Z8Y1X0W9,경제
소송촉진 등에 관한 특례법 일부개정법률안(한무경의원 등 10인),법제사법위원회,수정가결,243.0,241.0,1.0,1.0,2023-02-24,2023-05-25,2023-05-25,2023-06-02,2023-06-13,https://likms.assembly.go.kr/bill/billDetail.do?billId=PRC_A2Z3X0G2F2B0A1Y7X2F3G4F8D8C2K3,경제
부동산등기법 일부개정법률안(김석기의원 등 10인),법제사법위원회,철회,,,,,2023-02-24,,2023-03-15,,,https://likms.assembly.go.kr/bill/billDetail.do?billId=PRC_O2N3M0G2F2E1N0J9T5S8P5Y8W3W8U3,경제
민법 일부개정법률안(김석기의원 등 10인),법제사법위원회,철회,,,,,2023-02-24,,2023-03-15,,,https://likms.assembly.go.kr/bill/billDetail.do?billId=PRC_P2O3O0C2A2Y1H0G9F5E7Y5X5G7G4O1,인권
국가연구개발혁신법 일부개정법률안(대안)(과학기술정보방송통신위원장),과학기술정보방송통신위원회,원안가결,191.0,190.0,,1.0,2023-02-24,2022-12-27,2023-02-27,2023-03-10,2023-03-21,https://likms.assembly.go.kr/bill/billDetail.do?billId=PRC_B2K2E1P2K2N0J1R8S4Z5A1Z0M3M8K8,경제
사회보장급여의 이용·제공 및 수급권자 발굴에 관한 법률 일부개정법률안(대안)(보건복지위원장),보건복지위원회,원안가결,170.0,169.0,,1.0,2023-02-24,2022-12-09,2023-02-27,2023-03-17,2023-03-28,https://likms.assembly.go.kr/bill/billDetail.do?billId=PRC_M2I2P1B2F0V8W1Y0S1U5A3P3K2D4R6,사회
재난적의료비 지원에 관한 법률 일부개정법률안(대안)(보건복지위원장),보건복지위원회,원안가결,171.0,171.0,,,2023-02-24,2022-12-09,2023-02-27,2023-03-17,2023-03-28,https://likms.assembly.go.kr/bill/billDetail.do?billId=PRC_Q2D2M1P2M0C8Q1S1K1C9J2A0M6K7Y8,사회
장애아동 복지지원법 일부개정법률안(대안)(보건복지위원장),보건복지위원회,원안가결,167.0,167.0,,,2023-02-24,2022-05-03,2023-02-27,2023-03-17,2023-03-28,https://likms.assembly.go.kr/bill/billDetail.do?billId=PRC_V2D2Y0S4A2T9F1N7Z5B3L3V6W7S0J8,사회
대·중소기업 상생협력 촉진에 관한 법률 일부개정법률안(대안)(산업통상자원중소벤처기업위원장),산업통상자원중소벤처기업위원회,원안가결,176.0,170.0,,6.0,2023-02-24,2022-09-07,2023-02-27,2023-03-17,2023-03-28,https://likms.assembly.go.kr/bill/billDetail.do?billId=PRC_V2I2Y0O9L0L6I1G8C0S5S5N5K6F4Q2,경제
전기공사공제조합법 일부개정법률안(이장섭의원 등 10인),산업통상자원중소벤처기업위원회,수정가결,225.0,223.0,1.0,1.0,2023-02-23,2023-07-05,2023-10-06,2023-10-20,2023-10-31,https://likms.assembly.go.kr/bill/billDetail.do?billId=PRC_I2I3H0P2O0N2M1S3R5R1N5W9V3U5T9,경제
예술인 복지법 일부개정법률안(대안)(문화체육관광위원장),문화체육관광위원회,원안가결,257.0,251.0,1.0,5.0,2023-02-23,2020-09-24,2023-03-23,2023-03-31,2023-04-11,https://likms.assembly.go.kr/bill/billDetail.do?billId=PRC_K2T0G0Y9Y2C3Z1M4Q4S0A5L8Y9V4M9,사회
자원의 절약과 재활용촉진에 관한 법률 일부개정법률안(대안)(환경노동위원장),환경노동위원회,원안가결,173.0,169.0,,4.0,2023-02-23,2022-12-20,2023-02-27,2023-03-17,2023-03-28,https://likms.assembly.go.kr/bill/billDetail.do?billId=PRC_A2I2J1T2A1N9M0E9R3P3B5W8W3T0P5,환경
민간임대주택에 관한 특별법 일부개정법률안(대안)(국토교통위원장),국토교통위원회,원안가결,170.0,170.0,,,2023-02-23,2023-02-15,2023-02-27,2023-03-17,2023-03-28,https://likms.assembly.go.kr/bill/billDetail.do?billId=PRC_A2O3X0T2E1T4C1M6W0B1C0E3Q6E4M3,경제
중소기업진흥에 관한 법률 일부개정법률안(대안)(산업통상자원중소벤처기업위원장),산업통상자원중소벤처기업위원회,원안가결,181.0,181.0,,,2023-02-23,2023-02-16,2023-02-27,2023-03-17,2023-03-28,https://likms.assembly.go.kr/bill/billDetail.do?billId=PRC_A2Q3B0Z2O1O4X1E6B3J7Z5B7A0M9Z0,경제
자동차관리법 일부개정법률안(대안)(국토교통위원장),국토교통위원회,원안가결,169.0,167.0,,2.0,2023-02-23,2023-02-15,2023-02-27,2023-03-17,2023-03-28,https://likms.assembly.go.kr/bill/billDetail.do?billId=PRC_A2S3C0X2T1S4V1Q3A5T9Q1Z1P4N9T4,교통
장사 등에 관한 법률 일부개정법률안(대안)(보건복지위원장),보건복지위원회,원안가결,164.0,164.0,,,2023-02-23,2022-12-09,2023-02-27,2023-03-17,2023-03-28,https://likms.assembly.go.kr/bill/billDetail.do?billId=PRC_B2Q2S1D2P0A8F1R1X1H7N3D4U2J0M1,경제
전통시장 및 상점가 육성을 위한 특별법 일부개정법률안(대안)(산업통상자원중소벤처기업위원장),산업통상자원중소벤처기업위원회,원안가결,177.0,177.0,,,2023-02-23,2022-12-02,2023-02-27,2023-03-17,2023-03-28,https://likms.assembly.go.kr/bill/billDetail.do?billId=PRC_C2K2T1G1U3J0K1P3W5J1Z1P3H5S5D0,경제
국가전략기술 육성에 관한 특별법안(대안)(과학기술정보방송통신위원장),과학기술정보방송통신위원회,원안가결,193.0,190.0,,3.0,2023-02-23,2022-12-27,2023-02-27,2023-03-10,2023-03-21,https://likms.assembly.go.kr/bill/billDetail.do?billId=PRC_C2K2Z1F2F2R0H1U8Q4U4N2C3Q2T5W6,경제
의료급여법 일부개정법률안(대안)(보건복지위원장),보건복지위원회,원안가결,175.0,174.0,,1.0,2023-02-23,2022-12-09,2023-02-27,2023-03-17,2023-03-28,https://likms.assembly.go.kr/bill/billDetail.do?billId=PRC_D2D2H1Q2D0A8W1H1N0F6H3V2P6D8N8,경제
소액사건심판법 일부개정법률안(대안)(법제사법위원장),법제사법위원회,원안가결,223.0,221.0,,2.0,2023-02-23,2023-02-23,2023-02-27,2023-03-17,2023-03-28,https://likms.assembly.go.kr/bill/billDetail.do?billId=PRC_D2G3N0A2J2D2I1G8M4H1L3W2M9J9B1,노동
지방세법 일부개정법률안(대안)(행정안전위원장),행정안전위원회,원안가결,267.0,256.0,,11.0,2023-02-23,2023-02-16,2023-02-27,2023-03-03,2023-03-14,https://likms.assembly.go.kr/bill/billDetail.do?billId=PRC_F2B3R0Z2J1M5N1L8N1Z1M3Y4M9D0G4,경제
대기관리권역의 대기환경개선에 관한 특별법 일부개정법률안(대안)(환경노동위원장),환경노동위원회,원안가결,171.0,164.0,,7.0,2023-02-23,2023-02-21,2023-02-27,2023-03-17,2023-03-28,https://likms.assembly.go.kr/bill/billDetail.do?billId=PRC_F2I3I0L2M2I0T1O0B0E3W2A3F3V0A4,환경
부정경쟁방지 및 영업비밀보호에 관한 법률 일부개정법률안(대안)(산업통상자원중소벤처기업위원장),산업통상자원중소벤처기업위원회,원안가결,179.0,177.0,,2.0,2023-02-23,2022-09-22,2023-02-27,2023-03-17,2023-03-28,https://likms.assembly.go.kr/bill/billDetail.do?billId=PRC_G2B2Z0N9M2D1O1Z5F4X9M4B3D4Y7D1,경제
방문판매 등에 관한 법률 일부개정법률안(대안)(정무위원장),정무위원회,원안가결,193.0,190.0,,3.0,2023-02-23,2022-12-05,2023-02-27,2023-03-10,2023-03-21,https://likms.assembly.go.kr/bill/billDetail.do?billId=PRC_G2R2Z1G1X2Z4S1I1O2T9Q1M5D7Q1D5,경제
지방세특례제한법 일부개정법률안(대안)(행정안전위원장),행정안전위원회,원안가결,261.0,254.0,,7.0,2023-02-23,2023-02-16,2023-02-27,2023-03-03,2023-03-14,https://likms.assembly.go.kr/bill/billDetail.do?billId=PRC_H2Y3W0Y2F1A5C1E8E1H0S0T6O9K8A0,경제
공중보건 위기대응 의료제품의 개발 촉진 및 긴급 공급을 위한 특별법 일부개정법률안(대안)(보건복지위원장),보건복지위원회,원안가결,169.0,166.0,,3.0,2023-02-23,2022-12-09,2023-02-27,2023-03-17,2023-03-28,https://likms.assembly.go.kr/bill/billDetail.do?billId=PRC_I2K2B1N2Q0A8G1B0P0I6P2F1A2G9B2,사회
주택도시기금법 일부개정법률안(대안)(국토교통위원장),국토교통위원회,원안가결,168.0,168.0,,,2023-02-23,2023-02-15,2023-02-27,2023-03-17,2023-03-28,https://likms.assembly.go.kr/bill/billDetail.do?billId=PRC_K2B3R0Y2A1U4Y1T3G5K0R2W4K4Z0B7,경제
지방세징수법 일부개정법률안(대안)(행정안전위원장),행정안전위원회,원안가결,264.0,264.0,,,2023-02-23,2023-02-16,2023-02-27,2023-03-03,2023-03-14,https://likms.assembly.go.kr/bill/billDetail.do?billId=PRC_K2Z3G0K2V1W5N1O8F1L2V3E5H7U1D5,경제
집합건물의 소유 및 관리에 관한 법률 일부개정법률안(대안)(법제사법위원장),법제사법위원회,원안가결,222.0,220.0,,2.0,2023-02-23,2023-02-23,2023-02-27,2023-03-17,2023-03-28,https://likms.assembly.go.kr/bill/billDetail.do?billId=PRC_M2O3W0C2N2V2G1E8M4I4Z0B1S4P9G2,경제
감염병의 예방 및 관리에 관한 법률 일부개정법률안(대안)(보건복지위원장),보건복지위원회,원안가결,167.0,166.0,,1.0,2023-02-23,2022-12-09,2023-02-27,2023-03-17,2023-03-28,https://likms.assembly.go.kr/bill/billDetail.do?billId=PRC_N2H2Z1H2K0Q8H1A0U0J4Q0Z1A4Z5J7,사회
정부조직법 일부개정법률안(대안)(행정안전위원장),행정안전위원회,원안가결,272.0,267.0,,5.0,2023-02-23,2023-02-16,2023-02-27,2023-02-27,2023-03-04,https://likms.assembly.go.kr/bill/billDetail.do?billId=PRC_N2P3D0P2M1C5Q1M7N5I6T4J5I5L8J8,인권
진실·화해를 위한 과거사정리 기본법 일부개정법률안(대안)(행정안전위원장),행정안전위원회,원안가결,270.0,267.0,,3.0,2023-02-23,2022-12-01,2023-02-27,2023-03-10,2023-03-21,https://likms.assembly.go.kr/bill/billDetail.do?billId=PRC_V2F2T1H1A3Q0N1K8N3E9I5V8C5J1X6,인권
지역보건법 일부개정법률안(대안)(보건복지위원장),보건복지위원회,원안가결,172.0,172.0,,,2023-02-23,2022-12-09,2023-02-27,2023-03-17,2023-03-28,https://likms.assembly.go.kr/bill/billDetail.do?billId=PRC_V2Q2A1Y2T0O8I1F1K2W0U5N9X6R0W8,사회
연구개발특구의 육성에 관한 특별법 일부개정법률안(대안)(과학기술정보방송통신위원장),과학기술정보방송통신위원회,원안가결,189.0,181.0,1.0,7.0,2023-02-23,2022-12-27,2023-02-27,2023-03-10,2023-03-21,https://likms.assembly.go.kr/bill/billDetail.do?billId=PRC_X2B2B1A2Y2W0G1V8J4X5E4S9K2K6R1,노동
건설폐기물의 재활용촉진에 관한 법률 일부개정법률안(대안)(환경노동위원장),환경노동위원회,원안가결,168.0,165.0,,3.0,2023-02-23,2022-05-16,2023-02-27,2023-03-17,2023-03-28,https://likms.assembly.go.kr/bill/billDetail.do?billId=PRC_Y2Q2Z0J5A1M1F1I3H0U5W5Y7P3V2U5,환경
영유아보육법 일부개정법률안(신현영의원 등 27인),보건복지위원회,수정가결,224.0,222.0,1.0,1.0,2023-02-22,2023-04-27,2023-07-27,2023-08-04,2023-08-16,https://likms.assembly.go.kr/bill/billDetail.do?billId=PRC_X2A2K0I9O0C2X0I9J2A9T2C0G4J6R4,사회
지방자치법 일부개정법률안(조은희의원 등 10인),행정안전위원회,수정가결,248.0,240.0,1.0,7.0,2023-02-22,2023-05-24,2023-05-25,2023-05-26,2023-06-07,https://likms.assembly.go.kr/bill/billDetail.do?billId=PRC_F2F3D0C2J2H0R0Q8P5O9V2T6S0O6O4,사회
자원순환기본법 일부개정법률안(전해철의원 등 12인),환경노동위원회,수정가결,255.0,255.0,,,2023-02-21,2023-05-24,2023-08-24,2023-09-01,2023-09-14,https://likms.assembly.go.kr/bill/billDetail.do?billId=PRC_A2X2M1P1P1V1D1B4F3A3D3D8F2S9N1,환경
출판문화산업 진흥법 일부개정법률안(김윤덕의원 등 12인),문화체육관광위원회,수정가결,215.0,215.0,,,2023-02-20,2023-04-21,2023-07-18,2023-07-28,2023-08-08,https://likms.assembly.go.kr/bill/billDetail.do?billId=PRC_T2R3S0A2Z1X0Y1X5T1R3S1R6P0X2W1,경제
관광진흥법 일부개정법률안(대안)(문화체육관광위원장),문화체육관광위원회,원안가결,180.0,179.0,1.0,,2023-02-20,2022-12-09,2023-02-27,2023-03-10,2023-03-21,https://likms.assembly.go.kr/bill/billDetail.do?billId=PRC_G2G2O1Y2I0W9B0I8J5O6N0L4O9J6N0,사회
전자상거래 등에서의 소비자보호에 관한 법률 일부개정법률안(대안)(정무위원장),정무위원회,원안가결,216.0,215.0,,1.0,2023-02-20,2022-12-05,2023-02-27,2023-03-10,2023-03-21,https://likms.assembly.go.kr/bill/billDetail.do?billId=PRC_P2O2J1I1X2O3U1R1W3L5G0H0A2L4F6,인권
자연유산의 보존 및 활용에 관한 법률안(대안)(문화체육관광위원장),문화체육관광위원회,원안가결,188.0,186.0,,2.0,2023-02-20,2023-01-31,2023-02-27,2023-03-10,2023-03-21,https://likms.assembly.go.kr/bill/billDetail.do?billId=PRC_Q2X3O0L1Y3E0M1P8K1J7Y1P7S7O4H3,환경
만화진흥에 관한 법률 일부개정법률안(대안)(문화체육관광위원장),문화체육관광위원회,원안가결,185.0,184.0,,1.0,2023-02-20,2023-01-31,2023-02-27,2023-03-10,2023-03-21,https://likms.assembly.go.kr/bill/billDetail.do?billId=PRC_T2F3E0W1J3V0J1V8Q1V2N3W9V9N3J3,경제
게임산업진흥에 관한 법률 일부개정법률안(대안)(문화체육관광위원장),문화체육관광위원회,원안가결,182.0,180.0,,2.0,2023-02-20,2023-01-31,2023-02-27,2023-03-10,2023-03-21,https://likms.assembly.go.kr/bill/billDetail.do?billId=PRC_Z2U3A0W1Q3Z0A1W8N0S9T1A6J0C2V4,경제
수산자원관리법 일부개정법률안(어기구의원 등 11인),농림축산식품해양수산위원회,수정가결,221.0,221.0,,,2023-02-17,2023-06-27,2023-10-06,2023-10-13,2023-10-24,https://likms.assembly.go.kr/bill/billDetail.do?billId=PRC_Q2Z3A0Z2X0W8E1C3D3C4B0W1V7U3V6,환경
남북 이산가족 생사확인 및 교류 촉진에 관한 법률 일부개정법률안(대안)(외교통일위원장),외교통일위원회,원안가결,180.0,180.0,,,2023-02-17,2022-12-05,2023-02-27,2023-03-17,2023-03-28,https://likms.assembly.go.kr/bill/billDetail.do?billId=PRC_B2Q2J1C2G0P5K0G9S5M5K5T8C2K3R9,인권
농어업재해보험법 일부개정법률안(대안)(농림축산식품해양수산위원장),농림축산식품해양수산위원회,원안가결,176.0,175.0,,1.0,2023-02-17,2022-11-21,2023-02-27,2023-03-17,2023-03-28,https://likms.assembly.go.kr/bill/billDetail.do?billId=PRC_B2Y2Y1D1S1K7L1L3U1P4C1D1T3W2P2,노동
국립묘지의 설치 및 운영에 관한 법률 일부개정법률안(대안)(정무위원장),정무위원회,원안가결,190.0,189.0,,1.0,2023-02-17,2022-12-05,2023-02-27,2023-03-10,2023-03-21,https://likms.assembly.go.kr/bill/billDetail.do?billId=PRC_D2V2W1U1H2B3P1M3C3S7X3V2E8Y4I9,환경
은행법 일부개정법률안(대안)(정무위원장),정무위원회,원안가결,214.0,206.0,1.0,7.0,2023-02-17,2022-12-05,2023-02-27,2023-03-10,2023-03-21,https://likms.assembly.go.kr/bill/billDetail.do?billId=PRC_E2E2K1G1C2E3W1R1O4U7H3E8N1S6P8,경제
공익신고자 보호법 일부개정법률안(대안)(정무위원장),정무위원회,원안가결,183.0,180.0,,3.0,2023-02-17,2022-12-05,2023-02-27,2023-03-10,2023-03-21,https://likms.assembly.go.kr/bill/billDetail.do?billId=PRC_H2O2Y1Q1E2R3N1Q1A4F6L1E9G2N8B5,노동
개인정보 보호법 일부개정법률안(대안)(정무위원장),정무위원회,원안가결,190.0,184.0,1.0,5.0,2023-02-17,2022-12-05,2023-02-27,2023-03-03,2023-03-14,https://likms.assembly.go.kr/bill/billDetail.do?billId=PRC_M2G2Z1U1I2C3V1E3N4W8K5I4J2L5W6,인권
농촌공간 재구조화 및 재생지원에 관한 법률안(대안)(농림축산식품해양수산위원장),농림축산식품해양수산위원회,원안가결,176.0,175.0,,1.0,2023-02-17,2022-12-28,2023-02-27,2023-03-17,2023-03-28,https://likms.assembly.go.kr/bill/billDetail.do?billId=PRC_N2O2R1I2H2B7U1J3U3D7B4U6X8X0Z4,경제
지방자치법 일부개정법률안(대안)(행정안전위원장),행정안전위원회,원안가결,272.0,268.0,,4.0,2023-02-17,2022-12-01,2023-02-27,2023-03-10,2023-03-21,https://likms.assembly.go.kr/bill/billDetail.do?billId=PRC_U2M2X1M1V3O0Y1B8D3J7O5X2T0U7A5,사회
악취방지법 일부개정법률안(대안)(환경노동위원장),환경노동위원회,원안가결,169.0,164.0,,5.0,2023-02-17,2022-12-01,2023-02-27,2023-03-17,2023-03-28,https://likms.assembly.go.kr/bill/billDetail.do?billId=PRC_U2T2S1V1P3G0G0K9O2W4G5S5Q0S2L1,환경
할부거래에 관한 법률 일부개정법률안(대안)(정무위원장),정무위원회,원안가결,217.0,216.0,,1.0,2023-02-17,2022-12-05,2023-02-27,2023-03-10,2023-03-21,https://likms.assembly.go.kr/bill/billDetail.do?billId=PRC_V2H2Y1R1B2S3B1N1U3T8G0C1B7M7D4,경제
농어촌정비법 일부개정법률안(대안)(농림축산식품해양수산위원장),농림축산식품해양수산위원회,원안가결,179.0,179.0,,,2023-02-17,2022-11-21,2023-02-27,2023-03-17,2023-03-28,https://likms.assembly.go.kr/bill/billDetail.do?billId=PRC_V2I2L1O1J1N7G1C3X1H2D0Z3E3J0W1,경제
귀농어·귀촌 활성화 및 지원에 관한 법률 일부개정법률안(대안)(농림축산식품해양수산위원장),농림축산식품해양수산위원회,원안가결,173.0,169.0,1.0,3.0,2023-02-17,2022-11-21,2023-02-27,2023-03-17,2023-03-28,https://likms.assembly.go.kr/bill/billDetail.do?billId=PRC_W2T2F1X1Z1X7U1B3V1P2R3Q4I0E7O8,사회
청년기본법 일부개정법률안(대안)(정무위원장),정무위원회,원안가결,215.0,215.0,,,2023-02-17,2022-12-05,2023-02-27,2023-03-10,2023-03-21,https://likms.assembly.go.kr/bill/billDetail.do?billId=PRC_Z2A2K1Z1Y2O3D1V1U3F3S1V1H3Z7M6,사회
공공외교법 일부개정법률안(대안)(외교통일위원장),외교통일위원회,원안가결,176.0,175.0,,1.0,2023-02-17,2022-12-05,2023-02-27,2023-03-17,2023-03-28,https://likms.assembly.go.kr/bill/billDetail.do?billId=PRC_Z2J2G1I2G0Z5I0V9T5V1P3A1N2A4J2,사회
발달장애인 권리보장 및 지원에 관한 법률 일부개정법률안(강선우의원 등 15인),보건복지위원회,수정가결,229.0,227.0,,2.0,2023-02-15,2023-04-27,2023-07-27,2023-08-04,2023-08-16,https://likms.assembly.go.kr/bill/billDetail.do?billId=PRC_X2O2A1L2P1L3Y1G0L3Z1H3P9H2L9Q8,사회
폐기물관리법 일부개정법률안(전해철의원 등 10인),환경노동위원회,수정가결,257.0,251.0,,6.0,2023-02-14,2023-05-24,2023-07-27,2023-08-04,2023-08-16,https://likms.assembly.go.kr/bill/billDetail.do?billId=PRC_C2B2I1X1X1U1A1N4P3J4X5H1A7E9Q7,환경
국가재정법 일부개정법률안(김주영의원등13인),,철회,,,,,2023-02-14,,2023-02-14,,,https://likms.assembly.go.kr/bill/billDetail.do?billId=PRC_T2A3Y0X1G2D6C1L6H5G1P0M2L3K2R1,경제
농어촌정비법 일부개정법률안(소병훈의원 등 12인),농림축산식품해양수산위원회,수정가결,217.0,217.0,,,2023-02-13,2023-06-27,2023-10-06,2023-10-13,2023-10-24,https://likms.assembly.go.kr/bill/billDetail.do?billId=PRC_M2L2H1O2Y1E4C1B5A1C0L2S6F0Z0T5,경제
동물보호법 일부개정법률안(위성곤의원 등 10인),농림축산식품해양수산위원회,철회,,,,,2023-02-13,,2023-03-06,,,https://likms.assembly.go.kr/bill/billDetail.do?billId=PRC_B2P3N0M2N0L9U1S8R1P2M4M2L6K1I6,사회
국가첨단전략산업 경쟁력 강화 및 보호에 관한 특별조치법 일부개정법률안(양금희의원 등 13인),산업통상자원중소벤처기업위원회,수정가결,265.0,264.0,,1.0,2023-02-10,2023-05-11,2023-06-30,2023-07-07,2023-07-18,https://likms.assembly.go.kr/bill/billDetail.do?billId=PRC_A2Z3X0W2X0F8E1C4B5C6X5W8V7U4U9,경제
행정법제 혁신을 위한 간척지의 농어업적 이용 및 관리에 관한 법률 등 14개 법률의 일부개정에 관한 법률안(이양수의원 등 11인),농림축산식품해양수산위원회,수정가결,262.0,262.0,,,2023-02-10,2023-04-24,2023-06-30,2023-07-14,2023-07-25,https://likms.assembly.go.kr/bill/billDetail.do?billId=PRC_Z2F3F0M2L0G6F1E0D4J4I3H9Q7N6K5,환경
행정법제 혁신을 위한 갯벌 및 그 주변지역의 지속가능한 관리와 복원에 관한 법률 등 19개 법률의 일부개정에 관한 법률안(이양수의원등11인),농림축산식품해양수산위원회,수정가결,262.0,260.0,,2.0,2023-02-10,2023-03-23,2023-04-27,2023-05-04,2023-05-16,https://likms.assembly.go.kr/bill/billDetail.do?billId=PRC_N2K3I0I2G0P6O1O0O4W5T5S4A6Y5Y4,환경
방송법 일부개정법률안(조승래의원 등 12인),과학기술정보방송통신위원회,원안가결,225.0,212.0,5.0,8.0,2023-02-08,2023-03-21,2023-03-30,2023-03-31,2023-04-06,https://likms.assembly.go.kr/bill/billDetail.do?billId=PRC_K2B3A0Z2A0Y8V1T0S1T7R3A6Y6X2V2,사회
스포츠산업 진흥법 일부개정법률안(이용의원 등 12인),문화체육관광위원회,수정가결,226.0,222.0,,4.0,2023-02-07,2023-07-07,2023-10-06,2023-10-20,2023-10-31,https://likms.assembly.go.kr/bill/billDetail.do?billId=PRC_A2J3I0E2N0M2N0M9V1R4Q2M8M4L5R2,경제
중소기업제품 구매촉진 및 판로지원에 관한 법률 일부개정법률안(노용호의원 등 11인),산업통상자원중소벤처기업위원회,수정가결,236.0,223.0,,13.0,2023-02-03,2023-05-24,2023-10-06,2023-10-20,2023-10-31,https://likms.assembly.go.kr/bill/billDetail.do?billId=PRC_O2M3M0S2W0T2S1B6Z4Y7X5E8D3B0B0,경제
벤처기업육성에 관한 특별조치법 일부개정법률안(노용호의원 등 11인),산업통상자원중소벤처기업위원회,수정가결,236.0,224.0,,12.0,2023-02-03,2023-05-24,2023-10-06,2023-10-20,2023-10-31,https://likms.assembly.go.kr/bill/billDetail.do?billId=PRC_T2Z3Y0X2G0H2H1E6M4L6K1F5D8D6C0,경제
규제자유특구 및 지역특화발전특구에 관한 규제특례법 일부개정법률안(노용호의원 등 11인),산업통상자원중소벤처기업위원회,수정가결,231.0,222.0,1.0,8.0,2023-02-03,2023-05-24,2023-10-06,2023-10-20,2023-10-31,https://likms.assembly.go.kr/bill/billDetail.do?billId=PRC_Z2Y3X0G2I0F2E1M6L4K5Y4X6W7U2G6,경제
사회보장급여의 이용·제공 및 수급권자 발굴에 관한 법률 일부개정법률안(강기윤의원 등 10인),보건복지위원회,수정가결,229.0,228.0,,1.0,2023-02-02,2023-04-27,2023-07-27,2023-08-04,2023-08-16,https://likms.assembly.go.kr/bill/billDetail.do?billId=PRC_R2A2M1B2V2M2F1I3J3R8Q1R5C7R5J9,사회
노인복지법 일부개정법률안(최영희의원 등 11인),보건복지위원회,수정가결,225.0,220.0,,5.0,2023-02-02,2023-04-27,2023-07-27,2023-08-04,2023-08-16,https://likms.assembly.go.kr/bill/billDetail.do?billId=PRC_Z2Z3C0L1D1G3J1M0A4C8S0V0T8B5N2,사회
중소기업 인력지원 특별법 일부개정법률안(노용호의원 등 11인),산업통상자원중소벤처기업위원회,수정가결,209.0,208.0,,1.0,2023-02-01,2023-05-11,2023-08-24,2023-09-01,2023-09-14,https://likms.assembly.go.kr/bill/billDetail.do?billId=PRC_X2X3O0H1O2Z5T0C9H5W3S3T3Z0S4S7,경제
가덕도신공항건설공단법안(이헌승의원 등 15인),국토교통위원회,수정가결,242.0,223.0,6.0,13.0,2023-01-31,2023-09-21,2023-10-06,2023-10-13,2023-10-24,https://likms.assembly.go.kr/bill/billDetail.do?billId=PRC_O2C3M0I1E2N5C1F4W0N8K2X9I8A1N8,경제
산업안전보건법 일부개정법률안(임이자의원 등 10인),환경노동위원회,수정가결,205.0,203.0,,2.0,2023-01-27,2023-04-25,2023-07-18,2023-07-28,2023-08-08,https://likms.assembly.go.kr/bill/billDetail.do?billId=PRC_L2O3L0X1Z0P5Q1P4X0A6C5K8F7U7J3,노동
국립묘지의 설치 및 운영에 관한 법률 일부개정법률안(정부),정무위원회,수정가결,263.0,263.0,,,2023-01-26,2023-06-15,2023-06-30,2023-07-07,2023-07-18,https://likms.assembly.go.kr/bill/billDetail.do?billId=ARC_V2F3Q0Y1I2N6G1W4Q3O6X1S9J9Z4X2,환경
결핵예방법 일부개정법률안(김원이의원 등 11인),보건복지위원회,원안가결,186.0,184.0,,2.0,2023-01-18,2023-03-23,2023-05-25,2023-06-02,2023-06-13,https://likms.assembly.go.kr/bill/billDetail.do?billId=PRC_G2G3B0U1Y1Q0W1F6Z1D5A2Y0J8B8H2,환경
지역보건법 일부개정법률안(김원이의원 등 10인),보건복지위원회,수정가결,184.0,183.0,,1.0,2023-01-18,2023-03-23,2023-05-25,2023-06-02,2023-06-13,https://likms.assembly.go.kr/bill/billDetail.do?billId=PRC_J2Z3G0E1M1B0O1G6C2L1C0O8D6Z7E4,사회
건설폐기물의 재활용촉진에 관한 법률 일부개정법률안(김영진의원 등 11인),환경노동위원회,수정가결,253.0,253.0,,,2023-01-17,2023-04-25,2023-08-24,2023-09-01,2023-09-14,https://likms.assembly.go.kr/bill/billDetail.do?billId=PRC_K2E3D0B1R1E6N1O6Y2I8D4D4D0F0Z7,환경
기상법 일부개정법률안(대안)(환경노동위원장),환경노동위원회,원안가결,246.0,246.0,,,2023-01-17,2022-12-20,2023-01-30,2023-02-03,2023-02-14,https://likms.assembly.go.kr/bill/billDetail.do?billId=PRC_W2Q2F1A2R1G9T0P9Q3P2H0A0P9H4B2,"노동"
공공주택 특별법 일부개정법률안(김선교의원 등 11인),국토교통위원회,철회,,,,,2023-01-16,,2023-01-26,,,https://likms.assembly.go.kr/bill/billDetail.do?billId=PRC_U2V2J0L9G3W0E1A6Y0Z8G5S1N7K7H3,경제
중소기업창업 지원법 일부개정법률안(권명호의원 등 11인),산업통상자원중소벤처기업위원회,수정가결,209.0,206.0,,3.0,2023-01-13,2023-05-11,2023-08-24,2023-09-01,2023-09-14,https://likms.assembly.go.kr/bill/billDetail.do?billId=PRC_O2U2O1J2T0P1L1F0R3I4Y1L3S1W1Y3,경제
한국해양과학기술원법 일부개정법률안(소병훈의원등11인),농림축산식품해양수산위원회,수정가결,231.0,225.0,,6.0,2023-01-12,2023-03-23,2023-07-27,2023-08-04,2023-08-16,https://likms.assembly.go.kr/bill/billDetail.do?billId=PRC_E2L2X1U2Y1U4E1X5U0G1M2E0X5Z1U4,경제
주택도시기금법 일부개정법률안(박상혁의원 등 16인),국토교통위원회,원안가결,273.0,272.0,1.0,,2023-01-12,2023-05-24,2023-05-25,2023-05-26,2023-06-01,https://likms.assembly.go.kr/bill/billDetail.do?billId=PRC_R2U3D0Z1A0W9Y2T1B1F3J3W7R6I5C6,경제
정보통신망 이용촉진 및 정보보호 등에 관한 법률 일부개정법률안(이태규의원 등 10인),과학기술정보방송통신위원회,철회,,,,,2023-01-12,,2023-01-16,,,https://likms.assembly.go.kr/bill/billDetail.do?billId=PRC_Q2M2R0Z7N2I0T1V1L3P6P2S0D2L6T3,경제
한국마사회법 일부개정법률안(서삼석의원 등 11인),농림축산식품해양수산위원회,수정가결,210.0,210.0,,,2023-01-11,2023-06-27,2023-10-06,2023-10-13,2023-10-24,https://likms.assembly.go.kr/bill/billDetail.do?billId=PRC_N2U2R0E9U2P2S1D0H2S4C3Y5I5E4G3,경제
벤처투자 촉진에 관한 법률  일부개정법률안(권명호의원 등 10인),산업통상자원중소벤처기업위원회,수정가결,212.0,191.0,10.0,11.0,2023-01-11,2023-05-11,2023-08-24,2023-09-01,2023-09-14,https://likms.assembly.go.kr/bill/billDetail.do?billId=PRC_T2F2W1S1R3G0P1K3V0J3L5F6R2H9Q8,경제
행정법제 혁신을 위한 공인회계사법 등 14개 법률의 일부개정에 관한 법률안(윤한홍의원 등 11인),정무위원회,수정가결,239.0,238.0,,1.0,2023-01-10,2023-05-11,2023-08-24,2023-09-01,2023-09-14,https://likms.assembly.go.kr/bill/billDetail.do?billId=PRC_E2M2E1H2N2Z8Z0R9W1E8I2D3M5R2P9,경제
재한외국인 처우 기본법 일부개정법률안(조정훈의원 등 10인),법제사법위원회,수정가결,224.0,211.0,4.0,9.0,2023-01-10,2023-03-27,2023-03-30,2023-04-07,2023-04-18,https://likms.assembly.go.kr/bill/billDetail.do?billId=PRC_Z2C2E1N2A0E9Y1S4W0Q1C4H5A8P0K9,인권
농업기계화 촉진법 일부개정법률안(김승남의원 등 13인),농림축산식품해양수산위원회,수정가결,176.0,176.0,,,2023-01-06,2023-03-16,2023-05-25,2023-06-09,2023-06-20,https://likms.assembly.go.kr/bill/billDetail.do?billId=PRC_Q2E2H1D1K2X4E1J5N1B2E1U7D0F1U7,경제
